category,tp,fp,fn,precision_at_k,recall_at_k,k,auc
성분,13,144,147,0.08280254777070063,0.08125,1,0.4629771846107963
제형,20,137,103,0.12738853503184713,0.16260162601626016,1,0.5217485263761895
컨셉·클레임,20,137,95,0.12738853503184713,0.17391304347826086,1,0.4668110995696691
효능,26,131,133,0.16560509554140126,0.16352201257861634,1,0.4587578562375989
성분,27,444,133,0.05732484076433121,0.16875,3,0.4629771846107963
제형,37,434,86,0.07855626326963906,0.3008130081300813,3,0.5217485263761895
컨셉·클레임,43,428,72,0.09129511677282377,0.3739130434782609,3,0.4668110995696691
효능,47,424,112,0.09978768577494693,0.29559748427672955,3,0.4587578562375989
성분,44,741,116,0.05605095541401274,0.275,5,0.4629771846107963
제형,54,731,69,0.06878980891719745,0.43902439024390244,5,0.5217485263761895
컨셉·클레임,57,728,58,0.07261146496815286,0.4956521739130435,5,0.4668110995696691
효능,60,725,99,0.07643312101910828,0.37735849056603776,5,0.4587578562375989
