keyword,category,cv,peak_to_baseline
PDRN,성분,1.4990860716758099,64.1056158651222
각질,효능,0.3809684602099781,3.0128566512484687
감초추출물,성분,2.3618442050374098,79.45202566877995
나이아신아마이드,성분,0.9031607492576983,12.91337469161927
논코메도제닉,컨셉·클레임,0.4583889903481765,4.7229472751901636
더마코스메틱,컨셉·클레임,0.9526597319947498,24.36237572143085
레티놀,성분,0.7262269297426558,4.960662586110594
로션,제형,0.3047144166741927,2.616602025081099
리프팅,효능,0.4887031728633927,4.736768311398937
립밤,제형,0.46815239635827754,3.4442551075917676
마스크팩,제형,0.30559478594563527,2.7674230033734886
모공,효능,0.4180841170502068,2.9809569463866024
모공수렴,효능,0.7620358982766813,3.4106006868209198
무향료,컨셉·클레임,1.2651924573573137,10.33420260782347
미백,효능,0.4656404238185546,2.98811520705973
베타글루칸,성분,0.7934686279009916,12.435181615827497
병풀추출물,성분,10.823555737907578,703.8288288288288
보습,효능,0.2875133103721278,2.384127172642342
보습력,컨셉·클레임,1.0379229173511568,11.000029442939583
브라이트닝,효능,0.6497001113206388,7.476437374183727
비건,컨셉·클레임,1.625311874803504,34.142394269540546
비타민E,성분,0.28541571242618463,3.2987532842202874
살리실산,성분,0.2280604660667153,2.31763542548343
선스틱,제형,1.1054765962815256,11.78458800537982
세라마이드,성분,0.8015306802299635,17.79593015559754
세럼,제형,0.3397386245103875,2.8465545330216693
수분공급,효능,0.947409558964164,10.174293672900916
수분젤,제형,0.6402534861568436,3.811469218179529
수분크림,제형,0.6081210242159218,5.62393637303345
스쿠알란,성분,0.5949870191621652,5.555555555555555
스킨에센스,제형,0.583735175887484,5.6908800222438485
스킨토너,제형,0.5776022814600611,5.46287819980906
시어버터,성분,3.0155779182898828,94.65601758563838
시트팩,제형,0.7279949363100365,9.520499600209545
아데노신,성분,0.35360612492475313,5.49482580239635
아하 성분,성분,0.3784618674385673,2.306501547987616
안면홍조,효능,1.832952409162533,27.157308710706772
알란토인,성분,0.24521226186216416,2.7856045698211673
앰플,제형,0.28607281665379813,2.075989986420577
어성초,성분,0.5291600365185122,7.459073904730234
엑소좀,성분,0.8915109402792452,5.315343171702975
영양공급,효능,0.8588830754679151,15.572057484060318
자연유래 성분,컨셉·클레임,0.6918135872333141,6.8334447713292334
장미추출물,성분,2.323524719389598,59.16363636363636
저자극,컨셉·클레임,1.2700074085193793,24.400350416119142
주름개선,효능,1.09336921578616,18.51411988151407
친환경 화장품,컨셉·클레임,0.5796066857662059,7.988375316239807
콜라겐,성분,0.6554329712185056,3.5425128106119517
쿠션파운데이션,제형,1.5648158814310453,30.526942422173285
크루얼티프리,컨셉·클레임,0.6518156743391109,4.067073215478208
클린뷰티,컨셉·클레임,0.8724561520541366,10.183410046027618
토너패드,제형,0.7223324127771928,3.385724058660874
톤업,효능,0.3285167318653336,2.238393767308091
트레할로스,성분,0.41079180800493803,7.332798751950078
판테놀,성분,0.47635944462921576,2.92552148214901
페이셜미스트,제형,2.3302145935365988,58.688739376770535
페이스오일,제형,1.315079179539846,25.687328697626747
펩타이드,성분,1.5023893861608146,39.12946164993828
피부과테스트,컨셉·클레임,0.49016601858958697,3.5
피부장벽,효능,0.3474113066293684,2.5000007733629066
피부재생,효능,0.7278986894723357,11.135053948587416
피부진정,효능,0.4722232877943806,2.653062632446162
피부탄력,효능,0.9634533359634206,10.246973452599057
피부트러블,효능,0.6252774689882341,5.492284438820345
피지조절,효능,0.7099931534322907,4.518930236573993
항산화,효능,0.24962209507070157,1.65979401292382
히알루론산,성분,1.4161721563458871,25.898550199159853
