keyword,category,breakout_period,peak_ratio,halflife_weeks,censored
PDRN,성분,2016-01-04,0.16944,,True
PDRN,성분,2016-02-15,0.31672,24.0,False
PDRN,성분,2016-09-19,0.16865,,True
PDRN,성분,2016-10-10,0.21853,51.0,False
PDRN,성분,2017-05-08,0.22487,21.0,False
PDRN,성분,2017-10-09,0.21655,,True
PDRN,성분,2018-02-19,0.19913,,True
PDRN,성분,2018-10-01,0.24545,,True
PDRN,성분,2019-02-11,0.31513,,True
PDRN,성분,2019-05-13,0.38402,13.0,False
PDRN,성분,2019-09-16,0.24387,,True
PDRN,성분,2019-12-09,0.72529,1.0,False
PDRN,성분,2020-10-05,0.25456,,True
PDRN,성분,2020-12-21,0.74587,1.0,False
PDRN,성분,2021-02-15,0.32028,,True
PDRN,성분,2021-09-27,0.36304,,True
PDRN,성분,2022-01-10,0.57999,3.0,False
PDRN,성분,2022-02-07,0.35749,,True
PDRN,성분,2023-01-30,0.7336,,True
PDRN,성분,2023-03-06,0.67105,,True
PDRN,성분,2023-05-08,1.36229,3.0,False
PDRN,성분,2024-01-01,1.71464,,True
PDRN,성분,2025-04-21,4.67282,7.0,False
PDRN,성분,2025-06-23,4.18745,3.0,False
PDRN,성분,2025-10-20,3.32874,,True
PDRN,성분,2025-11-10,21.14075,2.0,False
PDRN,성분,2026-03-23,7.63694,2.0,False
PDRN,성분,2026-06-29,3.29113,,True
PDRN,성분,2026-08-31,3.80303,,True
각질,효능,2016-01-04,7.11673,,True
각질,효능,2016-02-15,11.75962,3.0,False
각질,효능,2016-10-03,7.43167,41.0,False
각질,효능,2019-03-04,6.10586,27.0,False
각질,효능,2022-07-11,5.26262,8.0,False
감초추출물,성분,2016-01-04,0.32899,,True
감초추출물,성분,2016-01-18,0.36082,34.0,False
감초추출물,성분,2016-02-15,0.49613,30.0,False
감초추출물,성분,2016-03-07,0.41654,27.0,False
감초추출물,성분,2016-05-23,0.62083,2.0,False
감초추출물,성분,2016-06-13,0.46164,13.0,False
감초추출물,성분,2016-08-22,0.55981,3.0,False
감초추출물,성분,2016-09-19,0.32899,,True
감초추출물,성분,2017-01-30,0.57308,13.0,False
감초추출물,성분,2017-05-08,0.26796,21.0,False
감초추출물,성분,2017-05-15,0.45103,20.0,False
감초추출물,성분,2017-06-19,4.85792,1.0,False
감초추출물,성분,2017-09-11,0.3847,3.0,False
감초추출물,성분,2017-10-09,0.28123,,True
감초추출물,성분,2017-10-23,0.79329,4.0,False
감초추출물,성분,2018-01-01,0.3847,,True
감초추출물,성분,2018-02-05,0.6341,25.0,False
감초추출물,성분,2018-03-05,0.50409,,True
감초추출물,성분,2018-03-12,0.82247,13.0,False
감초추출물,성분,2018-03-19,1.20187,9.0,False
감초추출물,성분,2018-08-06,0.40593,,True
감초추출물,성분,2018-08-13,1.46984,2.0,False
감초추출물,성분,2019-01-14,0.43246,,True
감초추출물,성분,2019-09-16,0.44838,,True
감초추출물,성분,2019-12-09,0.44042,,True
감초추출물,성분,2019-12-23,0.57573,,True
감초추출물,성분,2020-01-06,0.56777,,True
감초추출물,성분,2020-03-02,1.19657,4.0,False
감초추출물,성분,2020-07-27,1.82006,1.0,False
감초추출물,성분,2020-08-17,2.75927,1.0,False
감초추출물,성분,2020-08-31,41.1053,1.0,False
감초추출물,성분,2020-10-05,6.55594,2.0,False
감초추출물,성분,2020-12-07,2.62396,9.0,False
감초추출물,성분,2021-01-04,3.03255,5.0,False
감초추출물,성분,2021-04-05,1.76965,14.0,False
감초추출물,성분,2021-07-26,1.53617,21.0,False
감초추출물,성분,2021-09-27,1.89435,6.0,False
감초추출물,성분,2022-07-18,0.8039,48.0,False
감초추출물,성분,2022-08-22,1.13554,2.0,False
감초추출물,성분,2022-09-12,0.77206,46.0,False
감초추출물,성분,2022-10-10,0.94452,36.0,False
감초추출물,성분,2023-05-08,0.68981,12.0,False
감초추출물,성분,2023-08-07,0.48552,,True
감초추출물,성분,2023-11-27,3.56849,5.0,False
감초추출물,성분,2024-03-04,1.19657,18.0,False
감초추출물,성분,2024-05-06,1.87577,4.0,False
감초추출물,성분,2024-09-23,1.37698,1.0,False
감초추출물,성분,2025-05-05,0.57573,40.0,False
감초추출물,성분,2026-01-05,0.56512,5.0,False
감초추출물,성분,2026-03-09,0.4245,12.0,False
감초추출물,성분,2026-06-08,0.2998,4.0,False
감초추출물,성분,2026-08-31,0.22817,2.0,False
감초추출물,성분,2026-09-21,0.10612,,True
나이아신아마이드,성분,2016-01-04,0.35829,,True
나이아신아마이드,성분,2016-08-22,0.77438,16.0,False
나이아신아마이드,성분,2017-09-11,1.04993,3.0,False
나이아신아마이드,성분,2017-10-09,0.80724,,True
나이아신아마이드,성분,2018-04-16,1.18691,,True
나이아신아마이드,성분,2018-06-11,1.19205,,True
나이아신아마이드,성분,2018-07-23,2.22971,1.0,False
나이아신아마이드,성분,2019-06-24,1.02696,,True
나이아신아마이드,성분,2020-07-20,1.11881,,True
나이아신아마이드,성분,2020-11-30,1.27124,,True
나이아신아마이드,성분,2021-09-20,1.24748,,True
나이아신아마이드,성분,2022-07-18,1.36704,,True
나이아신아마이드,성분,2022-08-08,1.77126,,True
나이아신아마이드,성분,2022-12-26,2.70955,,True
나이아신아마이드,성분,2023-03-20,5.36763,39.0,False
나이아신아마이드,성분,2025-06-16,7.3986,26.0,False
나이아신아마이드,성분,2026-06-29,12.51009,5.0,False
나이아신아마이드,성분,2026-08-31,8.75021,,True
논코메도제닉,컨셉·클레임,2016-01-04,1.92771,,True
논코메도제닉,컨셉·클레임,2016-09-19,2.77523,,True
논코메도제닉,컨셉·클레임,2016-10-03,5.40922,11.0,False
논코메도제닉,컨셉·클레임,2016-10-10,11.66597,2.0,False
논코메도제닉,컨셉·클레임,2017-01-02,9.14,7.0,False
논코메도제닉,컨셉·클레임,2017-08-28,4.79434,17.0,False
논코메도제닉,컨셉·클레임,2019-06-10,7.83547,1.0,False
논코메도제닉,컨셉·클레임,2020-01-06,3.55629,,True
논코메도제닉,컨셉·클레임,2020-07-20,18.13045,2.0,False
더마코스메틱,컨셉·클레임,2016-01-04,1.17158,,True
더마코스메틱,컨셉·클레임,2016-09-19,2.67552,,True
더마코스메틱,컨셉·클레임,2016-10-10,5.15995,,True
더마코스메틱,컨셉·클레임,2019-05-13,15.77897,1.0,False
더마코스메틱,컨셉·클레임,2019-11-18,13.23639,1.0,False
더마코스메틱,컨셉·클레임,2020-04-06,15.45492,1.0,False
더마코스메틱,컨셉·클레임,2020-12-14,8.20938,1.0,False
더마코스메틱,컨셉·클레임,2021-01-25,100.0,1.0,False
더마코스메틱,컨셉·클레임,2021-03-29,27.27877,1.0,False
더마코스메틱,컨셉·클레임,2021-07-12,11.13419,1.0,False
더마코스메틱,컨셉·클레임,2021-08-09,15.45492,1.0,False
더마코스메틱,컨셉·클레임,2021-09-27,5.58371,31.0,False
더마코스메틱,컨셉·클레임,2022-08-01,6.3066,5.0,False
더마코스메틱,컨셉·클레임,2023-07-03,6.43124,5.0,False
더마코스메틱,컨셉·클레임,2023-07-24,6.68882,2.0,False
더마코스메틱,컨셉·클레임,2024-08-19,5.10178,4.0,False
더마코스메틱,컨셉·클레임,2024-09-23,6.36476,1.0,False
더마코스메틱,컨셉·클레임,2025-02-03,3.85542,35.0,False
더마코스메틱,컨셉·클레임,2025-06-30,4.40382,14.0,False
더마코스메틱,컨셉·클레임,2026-06-15,7.04611,2.0,False
레티놀,성분,2016-01-04,1.30437,,True
레티놀,성분,2016-02-29,2.24883,19.0,False
레티놀,성분,2016-07-04,1.6425,,True
레티놀,성분,2017-06-19,3.34575,1.0,False
레티놀,성분,2017-07-31,1.85454,,True
레티놀,성분,2017-10-09,1.95197,,True
레티놀,성분,2019-09-23,2.14338,,True
레티놀,성분,2019-12-23,4.59854,9.0,False
레티놀,성분,2020-01-27,5.06046,3.0,False
레티놀,성분,2020-04-13,3.65751,,True
레티놀,성분,2020-07-20,10.93128,2.0,False
레티놀,성분,2020-08-31,5.38368,,True
레티놀,성분,2022-01-31,7.97065,9.0,False
레티놀,성분,2022-12-05,6.94481,,True
레티놀,성분,2023-01-02,8.17582,,True
레티놀,성분,2024-09-23,13.99277,52.0,False
레티놀,성분,2024-10-14,17.05198,10.0,False
레티놀,성분,2024-12-30,12.35944,,True
로션,제형,2016-01-04,3.90646,,True
로션,제형,2016-09-19,3.59258,,True
로션,제형,2018-05-21,4.75524,,True
로션,제형,2019-02-11,5.87342,19.0,False
로션,제형,2019-09-16,3.86069,,True
로션,제형,2020-10-05,4.91217,,True
로션,제형,2021-09-27,7.05831,,True
로션,제형,2022-05-02,5.34768,,True
로션,제형,2022-05-09,7.4415,,True
로션,제형,2023-10-02,5.1345,,True
로션,제형,2025-08-25,5.05996,38.0,False
리프팅,효능,2016-01-04,99.52758,8.0,False
리프팅,효능,2016-02-01,90.90216,19.0,False
리프팅,효능,2016-04-04,77.96403,11.0,False
리프팅,효능,2016-05-09,85.84273,5.0,False
리프팅,효능,2016-11-28,34.85725,44.0,False
리프팅,효능,2022-11-07,34.51183,,True
리프팅,효능,2023-08-14,31.22523,,True
리프팅,효능,2025-12-29,21.67022,22.0,False
립밤,제형,2016-01-04,23.77108,17.0,False
립밤,제형,2016-09-19,20.55295,32.0,False
립밤,제형,2016-10-10,27.28799,25.0,False
립밤,제형,2016-10-24,25.39427,23.0,False
립밤,제형,2016-10-31,38.13749,16.0,False
립밤,제형,2016-12-05,47.8023,2.0,False
립밤,제형,2018-09-24,16.88888,30.0,False
립밤,제형,2019-09-16,15.20921,,True
립밤,제형,2019-10-07,19.05759,33.0,False
립밤,제형,2020-10-05,24.73132,23.0,False
립밤,제형,2021-10-11,19.91675,37.0,False
립밤,제형,2021-10-18,38.55815,19.0,False
립밤,제형,2022-10-10,21.51765,33.0,False
립밤,제형,2022-11-28,26.87179,20.0,False
립밤,제형,2023-03-27,22.3887,9.0,False
립밤,제형,2023-10-02,25.94277,26.0,False
립밤,제형,2023-11-06,29.1936,20.0,False
립밤,제형,2023-12-18,34.25492,7.0,False
립밤,제형,2024-09-23,14.31438,39.0,False
립밤,제형,2024-11-04,25.45076,20.0,False
립밤,제형,2024-11-18,26.90895,16.0,False
립밤,제형,2025-08-18,24.96321,27.0,False
립밤,제형,2025-09-22,45.41806,6.0,False
립밤,제형,2025-11-17,26.24451,14.0,False
립밤,제형,2026-09-21,26.8703,,True
마스크팩,제형,2016-01-04,45.80115,,True
마스크팩,제형,2016-01-11,66.40492,35.0,False
마스크팩,제형,2016-07-11,59.75523,9.0,False
마스크팩,제형,2017-01-30,48.03911,,True
마스크팩,제형,2019-09-16,37.0761,,True
마스크팩,제형,2020-01-27,42.54904,,True
마스크팩,제형,2022-10-31,70.91294,2.0,False
마스크팩,제형,2023-01-09,53.81373,35.0,False
마스크팩,제형,2023-03-13,54.50694,18.0,False
마스크팩,제형,2023-10-02,27.74556,,True
마스크팩,제형,2024-04-08,37.60884,,True
마스크팩,제형,2025-03-24,42.22383,27.0,False
모공,효능,2016-01-04,18.54617,,True
모공수렴,효능,2016-01-04,5.05364,,True
모공수렴,효능,2016-04-04,5.1948,38.0,False
모공수렴,효능,2016-08-15,6.94522,14.0,False
모공수렴,효능,2016-08-22,10.24844,3.0,False
모공수렴,효능,2017-01-02,4.74308,,True
모공수렴,효능,2017-01-30,5.50536,,True
모공수렴,효능,2017-03-27,6.52173,,True
모공수렴,효능,2017-05-29,14.48334,21.0,False
모공수렴,효능,2018-01-01,6.46527,,True
모공수렴,효능,2018-02-05,10.95426,44.0,False
모공수렴,효능,2018-05-07,13.91869,23.0,False
모공수렴,효능,2019-05-06,10.95426,18.0,False
모공수렴,효능,2020-10-05,5.53359,4.0,False
모공수렴,효능,2020-11-16,4.43252,48.0,False
모공수렴,효능,2021-05-24,4.74308,20.0,False
모공수렴,효능,2022-01-03,2.54093,15.0,False
모공수렴,효능,2022-04-25,1.86335,23.0,False
모공수렴,효능,2022-06-27,2.6821,14.0,False
모공수렴,효능,2022-10-10,1.27046,2.0,False
모공수렴,효능,2022-10-31,0.93167,3.0,False
모공수렴,효능,2022-11-28,0.67758,10.0,False
모공수렴,효능,2023-01-09,0.93167,4.0,False
모공수렴,효능,2023-01-30,0.90344,1.0,False
모공수렴,효능,2023-02-13,0.50818,35.0,False
모공수렴,효능,2023-02-20,1.2987,5.0,False
모공수렴,효능,2023-04-10,1.0446,2.0,False
모공수렴,효능,2023-05-08,1.214,20.0,False
모공수렴,효능,2023-06-05,2.08921,4.0,False
모공수렴,효능,2023-07-10,1.27046,11.0,False
모공수렴,효능,2023-07-31,1.2987,8.0,False
모공수렴,효능,2023-10-09,0.76228,1.0,False
모공수렴,효능,2023-10-30,0.70581,1.0,False
모공수렴,효능,2023-11-13,0.42348,5.0,False
모공수렴,효능,2023-11-27,0.87521,2.0,False
모공수렴,효능,2024-01-01,0.84697,11.0,False
모공수렴,효능,2024-01-22,1.35516,1.0,False
모공수렴,효능,2024-02-12,0.87521,5.0,False
모공수렴,효능,2024-02-19,1.35516,1.0,False
모공수렴,효능,2024-03-04,1.38339,2.0,False
모공수렴,효능,2024-03-25,0.53642,2.0,False
모공수렴,효능,2024-04-15,1.1293,3.0,False
모공수렴,효능,2024-05-27,0.53642,3.0,False
모공수렴,효능,2024-06-24,0.76228,6.0,False
모공수렴,효능,2024-07-08,1.10107,2.0,False
모공수렴,효능,2024-08-12,0.81874,8.0,False
모공수렴,효능,2024-10-14,0.33879,3.0,False
모공수렴,효능,2024-12-02,0.31055,4.0,False
모공수렴,효능,2025-01-06,0.33879,1.0,False
모공수렴,효능,2025-01-27,0.22586,,True
모공수렴,효능,2025-02-10,0.64935,3.0,False
모공수렴,효능,2025-03-10,0.31055,5.0,False
모공수렴,효능,2025-04-07,0.33879,1.0,False
모공수렴,효능,2025-05-12,0.47995,1.0,False
모공수렴,효능,2025-07-07,0.19762,,True
모공수렴,효능,2025-07-21,0.42348,2.0,False
무향료,컨셉·클레임,2016-03-28,0.51516,1.0,False
무향료,컨셉·클레임,2016-10-10,0.31574,1.0,False
무향료,컨셉·클레임,2021-08-02,0.07478,,True
미백,효능,2016-01-04,26.65286,,True
미백,효능,2016-01-11,36.48868,,True
미백,효능,2016-01-18,55.77577,6.0,False
미백,효능,2016-04-18,55.2433,21.0,False
미백,효능,2017-01-02,41.32524,,True
베타글루칸,성분,2016-01-04,6.2296,,True
베타글루칸,성분,2016-01-25,10.67363,22.0,False
베타글루칸,성분,2016-02-29,11.07426,17.0,False
베타글루칸,성분,2016-04-04,16.91385,4.0,False
베타글루칸,성분,2016-05-09,9.71054,11.0,False
베타글루칸,성분,2016-08-01,9.10031,6.0,False
베타글루칸,성분,2016-09-19,6.48961,,True
베타글루칸,성분,2016-12-19,6.86105,,True
베타글루칸,성분,2017-01-09,9.53277,2.0,False
베타글루칸,성분,2017-03-13,7.56413,29.0,False
베타글루칸,성분,2017-04-17,8.16109,15.0,False
베타글루칸,성분,2017-08-28,6.95126,,True
베타글루칸,성분,2017-10-09,5.16303,,True
베타글루칸,성분,2017-12-04,7.30413,,True
베타글루칸,성분,2018-01-01,9.21705,,True
베타글루칸,성분,2018-01-15,9.84319,,True
베타글루칸,성분,2018-04-09,9.40012,,True
베타글루칸,성분,2018-11-26,10.38709,,True
베타글루칸,성분,2019-07-01,10.47464,,True
베타글루칸,성분,2020-01-27,10.02361,,True
베타글루칸,성분,2020-02-24,24.31349,7.0,False
베타글루칸,성분,2020-03-02,41.33878,5.0,False
베타글루칸,성분,2020-03-23,43.4215,2.0,False
베타글루칸,성분,2020-12-28,9.30195,,True
베타글루칸,성분,2021-02-22,20.38682,5.0,False
베타글루칸,성분,2021-04-12,15.27685,,True
베타글루칸,성분,2021-04-19,25.92396,11.0,False
베타글루칸,성분,2021-05-03,31.73436,7.0,False
베타글루칸,성분,2021-05-10,100.0,3.0,False
베타글루칸,성분,2021-05-24,78.32639,2.0,False
베타글루칸,성분,2021-07-26,22.48812,12.0,False
베타글루칸,성분,2021-08-09,30.43166,5.0,False
베타글루칸,성분,2021-08-23,46.86795,2.0,False
베타글루칸,성분,2021-09-20,50.07561,2.0,False
베타글루칸,성분,2021-10-25,23.75102,2.0,False
베타글루칸,성분,2021-12-20,39.14462,1.0,False
베타글루칸,성분,2022-01-31,45.8173,2.0,False
베타글루칸,성분,2022-04-04,23.101,4.0,False
베타글루칸,성분,2022-05-09,16.37791,,True
베타글루칸,성분,2022-05-16,28.61956,2.0,False
베타글루칸,성분,2022-08-22,29.7498,2.0,False
베타글루칸,성분,2022-09-12,17.06508,44.0,False
베타글루칸,성분,2022-10-31,15.11766,47.0,False
베타글루칸,성분,2022-11-21,21.72401,2.0,False
베타글루칸,성분,2023-01-30,18.99923,17.0,False
베타글루칸,성분,2023-03-20,19.81374,9.0,False
베타글루칸,성분,2023-04-10,20.88031,6.0,False
베타글루칸,성분,2023-08-07,17.11018,7.0,False
베타글루칸,성분,2023-09-11,13.81231,38.0,False
베타글루칸,성분,2023-10-02,9.77156,,True
베타글루칸,성분,2023-10-23,24.63983,1.0,False
베타글루칸,성분,2023-11-13,26.45193,1.0,False
베타글루칸,성분,2024-07-29,9.66013,,True
베타글루칸,성분,2025-02-03,9.89095,,True
베타글루칸,성분,2025-08-04,7.91435,43.0,False
베타글루칸,성분,2026-01-12,10.2279,5.0,False
베타글루칸,성분,2026-05-04,7.60393,12.0,False
베타글루칸,성분,2026-08-03,5.16303,,True
베타글루칸,성분,2026-09-14,8.12395,,True
병풀추출물,성분,2016-01-04,0.04872,,True
병풀추출물,성분,2016-01-25,0.08322,1.0,False
병풀추출물,성분,2016-05-09,0.06983,,True
병풀추출물,성분,2016-09-19,0.06462,,True
병풀추출물,성분,2017-01-30,0.07783,,True
병풀추출물,성분,2017-10-09,0.06797,,True
병풀추출물,성분,2018-02-19,0.09596,,True
병풀추출물,성분,2018-06-25,100.0,1.0,False
병풀추출물,성분,2018-08-13,1.98429,1.0,False
병풀추출물,성분,2019-07-01,3.75974,1.0,False
병풀추출물,성분,2019-08-12,0.6419,3.0,False
병풀추출물,성분,2019-08-26,0.56825,1.0,False
병풀추출물,성분,2019-11-25,0.60164,1.0,False
병풀추출물,성분,2020-07-20,0.49749,2.0,False
병풀추출물,성분,2020-09-28,0.61661,4.0,False
병풀추출물,성분,2021-01-11,0.47247,4.0,False
병풀추출물,성분,2021-01-18,0.79933,1.0,False
병풀추출물,성분,2021-04-12,0.31904,5.0,False
병풀추출물,성분,2021-05-24,0.27952,,True
병풀추출물,성분,2021-05-31,0.6605,1.0,False
병풀추출물,성분,2021-08-23,0.32016,31.0,False
병풀추출물,성분,2021-10-18,0.32276,23.0,False
병풀추출물,성분,2022-02-21,0.26585,28.0,False
병풀추출물,성분,2022-05-09,0.2121,33.0,False
병풀추출물,성분,2022-07-18,0.22261,22.0,False
병풀추출물,성분,2023-10-02,0.14534,,True
병풀추출물,성분,2024-02-26,0.21536,28.0,False
병풀추출물,성분,2026-01-19,0.06964,,True
병풀추출물,성분,2026-02-16,0.07029,,True
병풀추출물,성분,2026-06-29,0.0822,,True
보습,효능,2016-01-04,21.84588,,True
보습,효능,2016-09-19,17.45303,,True
보습,효능,2017-07-24,16.80224,,True
보습,효능,2017-10-09,16.00354,,True
보습,효능,2018-02-19,23.63555,18.0,False
보습,효능,2018-10-15,26.47537,41.0,False
보습,효능,2019-09-16,16.86141,,True
보습,효능,2019-10-14,22.7629,44.0,False
보습,효능,2020-10-05,16.19582,,True
보습,효능,2021-10-18,21.38736,41.0,False
보습,효능,2022-10-17,20.6922,49.0,False
보습,효능,2022-11-21,19.78997,44.0,False
보습,효능,2023-01-30,19.71601,34.0,False
보습,효능,2023-02-27,26.28309,8.0,False
보습,효능,2023-10-02,14.02159,,True
보습,효능,2023-10-16,21.19508,28.0,False
보습,효능,2024-02-26,15.19006,,True
보습,효능,2024-07-15,16.21061,,True
보습,효능,2024-09-23,13.72578,,True
보습,효능,2024-10-14,20.39639,27.0,False
보습,효능,2025-01-06,16.96494,21.0,False
보습,효능,2025-10-13,16.63955,16.0,False
보습,효능,2025-11-24,18.17778,2.0,False
보습,효능,2025-12-22,12.43898,13.0,False
보습,효능,2026-06-08,9.85061,2.0,False
보습,효능,2026-07-13,6.59665,10.0,False
보습력,컨셉·클레임,2016-01-04,2.9112,30.0,False
보습력,컨셉·클레임,2016-01-11,4.80349,23.0,False
보습력,컨셉·클레임,2016-05-02,4.87627,7.0,False
보습력,컨셉·클레임,2016-08-08,1.60116,1.0,False
보습력,컨셉·클레임,2016-08-22,1.23726,33.0,False
보습력,컨셉·클레임,2016-08-29,2.69286,27.0,False
보습력,컨셉·클레임,2016-09-19,2.62008,24.0,False
보습력,컨셉·클레임,2016-10-24,6.04075,9.0,False
보습력,컨셉·클레임,2016-10-31,11.20815,3.0,False
보습력,컨셉·클레임,2017-01-09,6.69577,6.0,False
보습력,컨셉·클레임,2017-03-20,3.20232,3.0,False
보습력,컨셉·클레임,2017-04-17,0.7278,16.0,False
보습력,컨셉·클레임,2017-05-15,3.05676,7.0,False
보습력,컨셉·클레임,2017-08-21,1.23726,19.0,False
보습력,컨셉·클레임,2017-10-09,4.22125,1.0,False
보습력,컨셉·클레임,2017-10-23,3.34788,9.0,False
보습력,컨셉·클레임,2017-11-06,7.3508,4.0,False
보습력,컨셉·클레임,2017-12-11,5.24017,2.0,False
보습력,컨셉·클레임,2018-01-15,1.0917,1.0,False
보습력,컨셉·클레임,2018-01-29,4.14847,1.0,False
보습력,컨셉·클레임,2018-02-19,2.11062,5.0,False
보습력,컨셉·클레임,2018-04-16,2.25618,2.0,False
보습력,컨셉·클레임,2018-05-07,1.31004,3.0,False
보습력,컨셉·클레임,2018-06-11,1.0917,5.0,False
보습력,컨셉·클레임,2018-07-23,1.38282,11.0,False
보습력,컨셉·클레임,2018-09-10,2.1834,2.0,False
보습력,컨셉·클레임,2018-10-15,3.56622,2.0,False
보습력,컨셉·클레임,2018-11-12,1.01892,7.0,False
보습력,컨셉·클레임,2018-12-03,2.03784,2.0,False
보습력,컨셉·클레임,2019-01-14,1.96506,4.0,False
보습력,컨셉·클레임,2019-03-25,1.0917,5.0,False
보습력,컨셉·클레임,2019-04-01,1.8195,4.0,False
보습력,컨셉·클레임,2019-05-27,0.94614,2.0,False
보습력,컨셉·클레임,2019-06-17,1.23726,2.0,False
보습력,컨셉·클레임,2019-09-02,1.16448,6.0,False
보습력,컨셉·클레임,2019-10-14,1.96506,1.0,False
보습력,컨셉·클레임,2019-11-04,0.80058,15.0,False
보습력,컨셉·클레임,2019-12-02,2.5473,1.0,False
보습력,컨셉·클레임,2020-01-13,7.3508,1.0,False
보습력,컨셉·클레임,2020-02-24,2.03784,2.0,False
보습력,컨셉·클레임,2020-03-16,1.23726,2.0,False
보습력,컨셉·클레임,2020-04-06,1.96506,4.0,False
보습력,컨셉·클레임,2020-05-25,2.76564,1.0,False
보습력,컨셉·클레임,2020-06-08,1.96506,1.0,False
보습력,컨셉·클레임,2020-07-20,1.0917,1.0,False
보습력,컨셉·클레임,2020-09-14,0.80058,11.0,False
보습력,컨셉·클레임,2020-11-09,3.05676,1.0,False
보습력,컨셉·클레임,2020-11-23,1.89228,1.0,False
보습력,컨셉·클레임,2020-12-07,2.32896,3.0,False
보습력,컨셉·클레임,2021-01-04,2.1834,1.0,False
보습력,컨셉·클레임,2021-01-18,1.60116,2.0,False
보습력,컨셉·클레임,2021-01-25,2.9112,1.0,False
보습력,컨셉·클레임,2021-02-22,1.01892,1.0,False
보습력,컨셉·클레임,2021-03-15,0.7278,3.0,False
보습력,컨셉·클레임,2021-03-29,1.96506,1.0,False
보습력,컨셉·클레임,2021-04-19,0.87336,1.0,False
보습력,컨셉·클레임,2021-05-10,1.38282,1.0,False
보습력,컨셉·클레임,2021-05-24,0.80058,2.0,False
보습력,컨셉·클레임,2021-10-04,0.94614,1.0,False
보습력,컨셉·클레임,2021-11-01,1.67394,6.0,False
보습력,컨셉·클레임,2021-12-20,0.80058,7.0,False
보습력,컨셉·클레임,2021-12-27,1.38282,5.0,False
보습력,컨셉·클레임,2022-02-14,1.74672,1.0,False
보습력,컨셉·클레임,2022-03-07,0.94614,1.0,False
보습력,컨셉·클레임,2022-03-28,0.7278,9.0,False
보습력,컨셉·클레임,2022-07-11,0.87336,1.0,False
보습력,컨셉·클레임,2022-09-05,0.87336,1.0,False
보습력,컨셉·클레임,2022-09-19,1.31004,4.0,False
보습력,컨셉·클레임,2022-10-17,1.96506,1.0,False
보습력,컨셉·클레임,2022-10-31,1.31004,4.0,False
보습력,컨셉·클레임,2022-12-12,2.03784,1.0,False
보습력,컨셉·클레임,2023-01-23,0.80058,2.0,False
보습력,컨셉·클레임,2023-02-27,0.65502,,True
보습력,컨셉·클레임,2023-04-03,0.94614,1.0,False
보습력,컨셉·클레임,2023-08-28,0.80058,1.0,False
보습력,컨셉·클레임,2023-10-02,1.01892,9.0,False
보습력,컨셉·클레임,2023-12-18,1.67394,1.0,False
보습력,컨셉·클레임,2024-10-14,1.16448,1.0,False
보습력,컨셉·클레임,2024-12-30,0.80058,2.0,False
보습력,컨셉·클레임,2025-11-03,0.7278,1.0,False
보습력,컨셉·클레임,2026-02-02,0.80058,2.0,False
브라이트닝,효능,2016-01-04,1.57124,,True
브라이트닝,효능,2016-03-07,5.94624,4.0,False
브라이트닝,효능,2016-04-18,7.61363,2.0,False
브라이트닝,효능,2016-09-19,2.54152,5.0,False
브라이트닝,효능,2017-01-30,1.87718,,True
브라이트닝,효능,2017-09-18,2.99169,4.0,False
브라이트닝,효능,2017-12-04,1.94055,,True
브라이트닝,효능,2018-01-08,2.62019,48.0,False
브라이트닝,효능,2018-02-05,2.57867,44.0,False
브라이트닝,효능,2018-02-19,3.43094,8.0,False
브라이트닝,효능,2020-12-14,1.38111,40.0,False
브라이트닝,효능,2022-02-07,1.14291,,True
브라이트닝,효능,2022-07-18,1.43793,16.0,False
브라이트닝,효능,2023-01-02,0.90034,,True
브라이트닝,효능,2024-04-08,1.01835,35.0,False
브라이트닝,효능,2024-08-19,0.9222,19.0,False
브라이트닝,효능,2025-02-03,0.60533,35.0,False
브라이트닝,효능,2025-03-31,0.69493,26.0,False
브라이트닝,효능,2025-06-09,0.6687,16.0,False
브라이트닝,효능,2025-10-13,0.52666,44.0,False
브라이트닝,효능,2026-02-23,0.71022,19.0,False
브라이트닝,효능,2026-04-06,0.73208,13.0,False
비건,컨셉·클레임,2016-01-04,0.70622,,True
비건,컨셉·클레임,2017-02-13,1.56617,,True
비건,컨셉·클레임,2017-03-13,2.32719,1.0,False
비건,컨셉·클레임,2017-04-17,1.71229,,True
비건,컨셉·클레임,2017-10-09,2.04562,,True
비건,컨셉·클레임,2017-10-23,3.54229,2.0,False
비건,컨셉·클레임,2018-05-21,21.38718,1.0,False
비건,컨셉·클레임,2018-07-16,6.04452,1.0,False
비건,컨셉·클레임,2018-10-29,12.82622,1.0,False
비건,컨셉·클레임,2018-12-17,11.01702,1.0,False
비건,컨셉·클레임,2019-02-04,27.14658,1.0,False
비건,컨셉·클레임,2019-06-17,7.51735,,True
비건,컨셉·클레임,2019-06-24,31.99579,1.0,False
비건,컨셉·클레임,2019-08-19,23.8331,1.0,False
비건,컨셉·클레임,2019-12-09,11.61417,2.0,False
비건,컨셉·클레임,2019-12-16,84.89984,1.0,False
비건,컨셉·클레임,2020-02-10,9.27733,2.0,False
비건,컨셉·클레임,2020-06-29,14.27926,2.0,False
비건,컨셉·클레임,2020-07-06,100.0,1.0,False
비건,컨셉·클레임,2020-12-07,12.50862,1.0,False
비건,컨셉·클레임,2023-10-02,4.73049,18.0,False
비건,컨셉·클레임,2024-08-12,5.51434,3.0,False
비타민E,성분,2016-01-04,1.61894,,True
비타민E,성분,2016-02-29,2.10193,,True
비타민E,성분,2016-04-18,2.53673,,True
비타민E,성분,2016-09-19,2.44388,,True
비타민E,성분,2017-03-27,6.40321,1.0,False
비타민E,성분,2017-10-09,1.95683,,True
비타민E,성분,2017-10-23,2.83708,,True
비타민E,성분,2019-06-10,2.91166,,True
비타민E,성분,2019-09-16,3.65543,,True
비타민E,성분,2021-01-11,3.42306,38.0,False
비타민E,성분,2021-08-23,3.19932,,True
비타민E,성분,2023-03-13,2.71075,,True
비타민E,성분,2023-05-01,3.96186,21.0,False
살리실산,성분,2016-01-04,1.72273,,True
살리실산,성분,2016-05-09,2.98011,,True
살리실산,성분,2017-01-30,2.74628,,True
살리실산,성분,2017-10-09,3.16808,,True
살리실산,성분,2019-04-22,3.11421,9.0,False
살리실산,성분,2020-01-27,4.21915,1.0,False
살리실산,성분,2020-05-11,5.69545,1.0,False
살리실산,성분,2020-07-20,3.35721,,True
살리실산,성분,2021-12-20,4.05524,9.0,False
살리실산,성분,2023-01-09,2.79786,,True
살리실산,성분,2023-11-27,4.09077,,True
살리실산,성분,2024-07-01,4.62834,22.0,False
살리실산,성분,2024-09-09,4.94928,9.0,False
살리실산,성분,2026-01-05,2.24883,,True
살리실산,성분,2026-07-20,4.58364,,True
살리실산,성분,2026-08-17,4.93438,,True
선스틱,제형,2016-01-04,1.00558,,True
선스틱,제형,2016-01-25,1.65814,,True
선스틱,제형,2016-03-21,4.07582,27.0,False
선스틱,제형,2016-03-28,7.20169,22.0,False
선스틱,제형,2016-04-04,9.96812,20.0,False
선스틱,제형,2016-04-11,17.95502,18.0,False
선스틱,제형,2016-04-25,29.95143,15.0,False
선스틱,제형,2016-05-16,59.54342,5.0,False
선스틱,제형,2017-01-30,3.19005,,True
선스틱,제형,2017-03-06,5.36382,30.0,False
선스틱,제형,2017-03-27,13.72943,23.0,False
선스틱,제형,2017-04-03,19.88489,20.0,False
선스틱,제형,2017-04-24,46.80887,13.0,False
선스틱,제형,2018-02-19,4.41173,,True
선스틱,제형,2018-02-26,6.46783,32.0,False
선스틱,제형,2018-03-12,12.08412,24.0,False
선스틱,제형,2018-03-26,18.81726,21.0,False
선스틱,제형,2018-07-16,43.89909,3.0,False
선스틱,제형,2020-04-27,10.54151,14.0,False
선스틱,제형,2020-08-17,6.53629,5.0,False
선스틱,제형,2021-04-05,8.29927,26.0,False
선스틱,제형,2021-05-31,17.81595,13.0,False
선스틱,제형,2022-01-03,2.23795,,True
선스틱,제형,2022-03-28,7.71946,31.0,False
선스틱,제형,2022-04-04,12.59761,22.0,False
선스틱,제형,2023-01-09,4.2855,45.0,False
선스틱,제형,2023-02-13,9.99807,28.0,False
선스틱,제형,2023-02-20,14.62162,26.0,False
선스틱,제형,2023-05-15,24.1982,8.0,False
선스틱,제형,2024-01-01,3.39759,,True
선스틱,제형,2024-02-12,4.06512,45.0,False
선스틱,제형,2024-04-01,9.52737,28.0,False
선스틱,제형,2024-07-15,29.50212,5.0,False
선스틱,제형,2025-06-30,16.96869,6.0,False
선스틱,제형,2025-07-21,16.60069,3.0,False
세라마이드,성분,2016-01-04,2.27405,29.0,False
세라마이드,성분,2016-09-19,2.09524,,True
세라마이드,성분,2017-10-09,3.01106,,True
세라마이드,성분,2018-02-19,3.84549,22.0,False
세라마이드,성분,2019-09-16,3.90051,,True
세라마이드,성분,2020-04-20,6.80382,1.0,False
세라마이드,성분,2020-11-23,6.94595,11.0,False
세라마이드,성분,2020-12-14,44.36472,1.0,False
세라마이드,성분,2021-02-15,5.37681,43.0,False
세라마이드,성분,2021-03-08,11.53418,2.0,False
세라마이드,성분,2021-04-12,4.80944,,True
세라마이드,성분,2021-05-17,7.19582,2.0,False
세라마이드,성분,2021-08-16,7.20385,5.0,False
세라마이드,성분,2021-10-04,5.43641,10.0,False
세라마이드,성분,2022-03-28,3.94979,,True
세라마이드,성분,2022-04-04,5.86165,,True
세라마이드,성분,2022-05-02,14.27818,3.0,False
세라마이드,성분,2022-06-20,7.04338,39.0,False
세라마이드,성분,2022-08-08,6.19405,36.0,False
세라마이드,성분,2022-09-26,9.63149,15.0,False
세라마이드,성분,2022-10-10,7.03306,23.0,False
세라마이드,성분,2022-10-17,11.82417,7.0,False
세라마이드,성분,2022-12-19,9.64525,3.0,False
세라마이드,성분,2023-01-02,10.65849,1.0,False
세라마이드,성분,2023-02-13,5.9522,10.0,False
세라마이드,성분,2023-03-27,5.05931,8.0,False
세라마이드,성분,2023-10-02,2.40586,,True
세라마이드,성분,2024-09-23,2.47807,38.0,False
세라마이드,성분,2025-08-04,1.78348,49.0,False
세라마이드,성분,2026-01-19,2.78411,11.0,False
세라마이드,성분,2026-03-09,2.76692,4.0,False
세라마이드,성분,2026-05-11,1.84423,9.0,False
세럼,제형,2016-01-04,4.86771,,True
세럼,제형,2016-05-02,8.66824,10.0,False
세럼,제형,2016-05-09,12.65056,4.0,False
세럼,제형,2020-11-02,7.54874,,True
세럼,제형,2021-01-25,10.63259,22.0,False
세럼,제형,2021-08-16,14.34942,17.0,False
세럼,제형,2022-03-14,10.8353,44.0,False
세럼,제형,2022-10-03,11.81355,15.0,False
세럼,제형,2022-11-07,11.96787,10.0,False
세럼,제형,2023-01-09,12.16666,1.0,False
세럼,제형,2023-03-27,15.67293,3.0,False
세럼,제형,2023-04-24,11.10864,6.0,False
수분공급,효능,2016-01-04,0.48732,5.0,False
수분공급,효능,2016-02-15,0.26005,7.0,False
수분공급,효능,2016-04-11,0.16608,12.0,False
수분공급,효능,2016-05-09,0.17263,8.0,False
수분공급,효능,2016-05-30,0.2076,5.0,False
수분공급,효능,2016-06-27,0.15515,1.0,False
수분공급,효능,2016-07-11,0.12019,42.0,False
수분공급,효능,2016-07-18,0.17045,22.0,False
수분공급,효능,2016-08-29,0.1486,16.0,False
수분공급,효능,2016-09-19,0.15515,13.0,False
수분공급,효능,2016-10-03,0.17919,11.0,False
수분공급,효능,2016-10-31,0.22071,7.0,False
수분공급,효능,2017-01-09,0.19886,2.0,False
수분공급,효능,2017-01-30,0.11145,17.0,False
수분공급,효능,2017-03-06,0.12019,8.0,False
수분공급,효능,2017-04-03,0.13767,4.0,False
수분공급,효능,2017-05-08,0.09615,8.0,False
수분공급,효능,2017-05-22,0.11582,1.0,False
수분공급,효능,2017-06-05,0.1027,4.0,False
수분공급,효능,2017-07-24,0.07648,6.0,False
수분공급,효능,2017-08-21,0.0743,2.0,False
수분공급,효능,2017-08-28,0.1027,1.0,False
수분공급,효능,2017-09-11,0.07867,33.0,False
수분공급,효능,2017-10-09,0.12019,29.0,False
수분공급,효능,2018-01-08,0.15078,8.0,False
수분공급,효능,2018-03-19,0.10052,6.0,False
수분공급,효능,2018-03-26,0.14423,2.0,False
수분공급,효능,2018-04-16,0.08522,2.0,False
수분공급,효능,2018-05-14,0.06993,4.0,False
수분공급,효능,2018-06-04,0.06555,1.0,False
수분공급,효능,2018-06-25,0.0437,,True
수분공급,효능,2018-07-09,0.09833,10.0,False
수분공급,효능,2018-07-16,0.15952,8.0,False
수분공급,효능,2018-09-24,0.0437,40.0,False
수분공급,효능,2018-10-08,0.09615,3.0,False
수분공급,효능,2018-10-22,0.08522,1.0,False
수분공급,효능,2018-11-12,0.05463,2.0,False
수분공급,효능,2018-11-19,0.07867,1.0,False
수분공급,효능,2018-12-03,0.04589,30.0,False
수분공급,효능,2018-12-10,0.07211,8.0,False
수분공급,효능,2018-12-31,0.10052,5.0,False
수분공급,효능,2019-02-11,0.08085,17.0,False
수분공급,효능,2019-04-01,0.16171,2.0,False
수분공급,효능,2019-04-22,0.08304,7.0,False
수분공급,효능,2019-05-20,0.09615,3.0,False
수분공급,효능,2019-07-15,0.059,2.0,False
수분공급,효능,2019-08-05,0.06337,3.0,False
수분공급,효능,2019-09-02,0.02622,15.0,False
수분공급,효능,2019-09-09,0.03933,14.0,False
수분공급,효능,2019-09-16,0.08959,1.0,False
수분공급,효능,2019-10-14,0.11363,1.0,False
수분공급,효능,2019-10-28,0.09178,2.0,False
수분공급,효능,2019-11-18,0.08522,1.0,False
수분공급,효능,2019-12-02,0.05244,2.0,False
수분공급,효능,2019-12-09,0.1027,1.0,False
수분공급,효능,2019-12-23,0.04152,29.0,False
수분공급,효능,2020-01-13,0.07648,5.0,False
수분공급,효능,2020-02-24,0.07211,2.0,False
수분공급,효능,2020-03-16,0.07211,7.0,False
수분공급,효능,2020-04-27,0.07648,1.0,False
수분공급,효능,2020-05-11,0.06337,5.0,False
수분공급,효능,2020-06-22,0.0743,3.0,False
수분공급,효능,2020-06-29,0.10926,2.0,False
수분공급,효능,2020-07-20,0.04807,2.0,False
수분공급,효능,2020-08-10,0.07211,1.0,False
수분공급,효능,2020-08-24,0.06993,1.0,False
수분공급,효능,2020-09-14,0.04152,17.0,False
수분공급,효능,2020-10-12,0.07648,1.0,False
수분공급,효능,2020-11-02,0.06118,1.0,False
수분공급,효능,2020-11-16,0.06118,8.0,False
수분공급,효능,2020-12-07,0.08085,2.0,False
수분공급,효능,2021-02-01,0.07648,1.0,False
수분공급,효능,2021-03-01,0.03277,24.0,False
수분공급,효능,2021-03-08,0.05244,13.0,False
수분공급,효능,2021-04-05,0.06337,9.0,False
수분공급,효능,2021-04-19,0.07648,6.0,False
수분공급,효능,2021-05-17,0.06555,3.0,False
수분공급,효능,2021-06-21,0.03715,9.0,False
수분공급,효능,2021-07-26,0.08741,2.0,False
수분공급,효능,2021-09-13,0.05244,2.0,False
수분공급,효능,2021-09-20,0.1027,1.0,False
수분공급,효능,2021-10-11,0.02403,5.0,False
수분공급,효능,2021-10-18,0.059,2.0,False
수분공급,효능,2021-11-08,0.04152,1.0,False
수분공급,효능,2021-11-22,0.04807,6.0,False
수분공급,효능,2022-01-10,0.04589,4.0,False
수분공급,효능,2022-02-28,0.03933,5.0,False
수분공급,효능,2022-03-07,0.059,1.0,False
수분공급,효능,2022-03-21,0.05463,2.0,False
수분공급,효능,2022-04-11,0.0743,3.0,False
수분공급,효능,2022-05-09,0.07867,2.0,False
수분공급,효능,2022-05-30,0.07648,1.0,False
수분공급,효능,2022-07-18,0.08085,1.0,False
수분공급,효능,2022-08-01,0.03715,9.0,False
수분공급,효능,2022-10-10,0.04152,2.0,False
수분공급,효능,2022-10-17,0.06337,1.0,False
수분공급,효능,2022-10-31,0.03277,6.0,False
수분공급,효능,2022-12-19,0.0437,8.0,False
수분공급,효능,2023-01-16,0.059,4.0,False
수분공급,효능,2023-02-27,0.03277,5.0,False
수분공급,효능,2023-04-10,0.03933,5.0,False
수분공급,효능,2023-04-24,0.04807,1.0,False
수분공급,효능,2023-05-08,0.03715,1.0,False
수분공급,효능,2023-05-29,0.0437,9.0,False
수분공급,효능,2023-06-05,0.06774,2.0,False
수분공급,효능,2023-06-26,0.04589,5.0,False
수분공급,효능,2023-08-14,0.02185,6.0,False
수분공급,효능,2023-10-23,0.03496,1.0,False
수분공급,효능,2023-11-06,0.02622,3.0,False
수분공급,효능,2023-11-13,0.03933,2.0,False
수분공급,효능,2024-01-01,0.03277,1.0,False
수분공급,효능,2024-01-29,0.0284,1.0,False
수분공급,효능,2024-02-26,0.03277,2.0,False
수분공급,효능,2024-03-04,0.06118,1.0,False
수분공급,효능,2024-03-25,0.02622,1.0,False
수분공급,효능,2024-04-08,0.0284,1.0,False
수분공급,효능,2024-04-29,0.01529,,True
수분공급,효능,2024-05-06,0.02403,3.0,False
수분공급,효능,2024-05-20,0.059,1.0,False
수분공급,효능,2024-06-03,0.03933,3.0,False
수분공급,효능,2024-07-01,0.02403,7.0,False
수분공급,효능,2024-07-22,0.03496,5.0,False
수분공급,효능,2024-07-29,0.07648,3.0,False
수분공급,효능,2024-10-14,0.02185,1.0,False
수분공급,효능,2024-10-28,0.03496,2.0,False
수분공급,효능,2024-12-02,0.02403,2.0,False
수분공급,효능,2024-12-30,0.02622,6.0,False
수분공급,효능,2025-01-13,0.04589,2.0,False
수분공급,효능,2025-02-17,0.05681,1.0,False
수분공급,효능,2025-06-30,0.03715,2.0,False
수분공급,효능,2026-01-05,0.21853,1.0,False
수분공급,효능,2026-07-27,0.01529,,True
수분젤,제형,2016-01-04,0.69749,,True
수분젤,제형,2016-02-08,0.84083,30.0,False
수분젤,제형,2016-08-01,0.74028,6.0,False
수분젤,제형,2016-09-19,0.62474,,True
수분젤,제형,2016-12-12,1.97051,2.0,False
수분젤,제형,2017-01-02,0.64828,,True
수분젤,제형,2017-04-24,0.64614,,True
수분젤,제형,2017-09-04,0.72102,,True
수분젤,제형,2018-01-01,0.91786,,True
수분젤,제형,2020-01-13,2.01758,19.0,False
수분젤,제형,2020-03-02,1.83358,19.0,False
수분젤,제형,2023-10-30,0.51135,44.0,False
수분젤,제형,2024-12-30,0.39581,37.0,False
수분젤,제형,2025-04-07,0.33804,23.0,False
수분크림,제형,2016-01-04,61.09883,25.0,False
수분크림,제형,2016-04-18,80.18649,8.0,False
수분크림,제형,2016-08-08,17.25148,,True
수분크림,제형,2016-08-15,23.59572,,True
수분크림,제형,2016-09-19,32.35159,42.0,False
수분크림,제형,2016-10-10,45.01,29.0,False
수분크림,제형,2017-08-28,22.85419,,True
수분크림,제형,2017-09-04,33.30238,34.0,False
수분크림,제형,2018-01-22,30.331,16.0,False
수분크림,제형,2018-06-25,23.01374,,True
수분크림,제형,2018-11-19,35.17518,22.0,False
수분크림,제형,2019-09-16,24.01684,,True
수분크림,제형,2020-01-13,44.37309,15.0,False
수분크림,제형,2020-10-05,29.18012,46.0,False
수분크림,제형,2021-10-11,19.76249,,True
수분크림,제형,2021-10-18,33.12974,21.0,False
수분크림,제형,2022-10-03,22.90388,37.0,False
수분크림,제형,2023-10-02,17.20439,43.0,False
수분크림,제형,2025-10-20,13.81321,34.0,False
수분크림,제형,2025-12-29,18.42459,7.0,False
스쿠알란,성분,2016-01-04,0.02882,,True
스쿠알란,성분,2016-03-28,0.02696,,True
스쿠알란,성분,2016-09-19,0.02427,,True
스쿠알란,성분,2017-05-08,0.02547,,True
스쿠알란,성분,2017-10-09,0.03542,18.0,False
스쿠알란,성분,2018-02-19,0.02817,,True
스쿠알란,성분,2018-10-01,0.02733,,True
스쿠알란,성분,2019-02-11,0.03514,24.0,False
스쿠알란,성분,2019-10-07,0.02789,,True
스쿠알란,성분,2020-08-24,0.03459,,True
스쿠알란,성분,2020-09-14,0.04184,,True
스쿠알란,성분,2020-10-05,0.03793,,True
스쿠알란,성분,2021-05-24,0.03514,,True
스쿠알란,성분,2021-08-09,0.06555,6.0,False
스쿠알란,성분,2021-11-29,0.09196,2.0,False
스쿠알란,성분,2022-01-03,0.0503,,True
스쿠알란,성분,2022-02-14,0.14859,2.0,False
스쿠알란,성분,2022-06-13,0.06769,2.0,False
스쿠알란,성분,2022-07-04,0.0689,2.0,False
스쿠알란,성분,2023-01-02,0.041,,True
스쿠알란,성분,2023-03-06,0.09326,,True
스쿠알란,성분,2023-08-07,0.187,7.0,False
스쿠알란,성분,2025-06-02,0.08145,,True
스쿠알란,성분,2026-06-01,0.0583,6.0,False
스쿠알란,성분,2026-08-24,0.04612,,True
스쿠알렌,성분,2016-01-04,13.73698,,True
스쿠알렌,성분,2017-01-16,22.06533,15.0,False
스쿠알렌,성분,2017-07-10,20.31829,,True
스쿠알렌,성분,2017-07-17,36.89122,,True
스쿠알렌,성분,2017-07-24,50.64018,48.0,False
스쿠알렌,성분,2017-08-07,61.57712,43.0,False
스쿠알렌,성분,2017-10-09,77.86286,18.0,False
스쿠알렌,성분,2018-04-30,100.0,1.0,False
스쿠알렌,성분,2018-07-09,49.55127,2.0,False
스쿠알렌,성분,2020-05-11,22.05336,,True
스쿠알렌,성분,2020-06-08,20.34222,,True
스쿠알렌,성분,2020-08-03,26.16967,27.0,False
스쿠알렌,성분,2020-09-28,56.80268,1.0,False
스쿠알렌,성분,2021-04-12,20.16273,,True
스쿠알렌,성분,2022-10-03,22.23285,7.0,False
스쿠알렌,성분,2023-03-06,19.02596,,True
스쿠알렌,성분,2023-04-17,25.45171,2.0,False
스쿠알렌,성분,2024-03-04,15.97463,,True
스쿠알렌,성분,2024-03-25,23.07047,16.0,False
스킨에센스,제형,2016-01-04,0.27071,29.0,False
스킨에센스,제형,2016-02-08,0.38188,23.0,False
스킨에센스,제형,2016-05-09,0.81869,8.0,False
스킨에센스,제형,2016-05-23,0.76376,6.0,False
스킨에센스,제형,2016-09-19,0.24325,,True
스킨에센스,제형,2017-01-30,0.25502,,True
스킨에센스,제형,2017-05-08,0.24717,,True
스킨에센스,제형,2017-08-07,0.22102,,True
스킨에센스,제형,2017-10-09,0.27333,31.0,False
스킨에센스,제형,2018-04-09,0.23671,24.0,False
스킨에센스,제형,2018-05-28,0.17394,,True
스킨에센스,제형,2018-10-01,0.16086,,True
스킨에센스,제형,2019-07-29,0.13732,,True
스킨에센스,제형,2020-06-15,0.16609,51.0,False
스킨에센스,제형,2020-10-05,0.17786,35.0,False
스킨에센스,제형,2020-11-02,0.18178,31.0,False
스킨에센스,제형,2021-01-04,0.23017,3.0,False
스킨에센스,제형,2021-02-01,0.15301,,True
스킨에센스,제형,2021-03-01,0.19617,11.0,False
스킨에센스,제형,2021-05-24,0.13078,,True
스킨에센스,제형,2021-09-27,0.14909,,True
스킨에센스,제형,2022-02-21,0.18963,21.0,False
스킨에센스,제형,2022-04-04,0.16216,,True
스킨에센스,제형,2022-04-25,0.17524,,True
스킨에센스,제형,2022-09-12,0.16086,,True
스킨에센스,제형,2022-11-07,0.2341,2.0,False
스킨에센스,제형,2023-01-09,0.17132,28.0,False
스킨에센스,제형,2023-01-30,0.20663,22.0,False
스킨에센스,제형,2023-04-10,0.20532,14.0,False
스킨에센스,제형,2023-07-31,0.12293,,True
스킨에센스,제형,2023-08-28,0.13993,,True
스킨에센스,제형,2023-10-02,0.12555,,True
스킨에센스,제형,2023-10-09,0.17524,52.0,False
스킨에센스,제형,2023-11-13,0.14778,,True
스킨에센스,제형,2023-12-11,0.1687,43.0,False
스킨에센스,제형,2024-01-22,0.17132,37.0,False
스킨에센스,제형,2024-12-02,0.11378,26.0,False
스킨에센스,제형,2024-12-30,0.26941,1.0,False
스킨에센스,제형,2025-06-09,0.08108,2.0,False
스킨에센스,제형,2025-06-30,0.05492,,True
스킨에센스,제형,2025-07-28,0.09154,7.0,False
스킨에센스,제형,2025-08-25,0.07323,3.0,False
스킨에센스,제형,2025-09-22,0.06146,41.0,False
스킨에센스,제형,2025-10-06,0.06146,39.0,False
스킨에센스,제형,2025-12-29,0.09939,6.0,False
스킨에센스,제형,2026-02-16,0.08239,13.0,False
스킨에센스,제형,2026-03-16,0.08108,9.0,False
스킨에센스,제형,2026-03-30,0.07193,14.0,False
스킨에센스,제형,2026-05-04,0.09808,2.0,False
스킨에센스,제형,2026-05-25,0.06539,6.0,False
스킨에센스,제형,2026-06-22,0.07977,2.0,False
스킨에센스,제형,2026-07-13,0.04315,,True
스킨에센스,제형,2026-08-31,0.08108,2.0,False
스킨에센스,제형,2026-09-21,0.07716,,True
스킨토너,제형,2016-01-04,0.98104,,True
스킨토너,제형,2016-01-11,1.40319,,True
스킨토너,제형,2016-02-29,2.28762,,True
스킨토너,제형,2016-05-09,2.74098,6.0,False
스킨토너,제형,2016-06-27,1.91007,,True
스킨토너,제형,2016-09-05,2.47194,,True
스킨토너,제형,2016-10-03,2.92679,27.0,False
스킨토너,제형,2016-11-14,2.86287,21.0,False
스킨토너,제형,2016-12-05,2.14492,,True
스킨토너,제형,2016-12-12,6.02155,2.0,False
스킨토너,제형,2017-01-16,6.12263,3.0,False
스킨토너,제형,2017-10-09,2.65774,30.0,False
스킨토너,제형,2018-03-05,2.56707,13.0,False
스킨토너,제형,2018-09-24,1.36454,,True
스킨토너,제형,2018-12-24,1.73318,16.0,False
스킨토너,제형,2019-07-15,1.43292,,True
스킨토너,제형,2019-10-21,1.93385,27.0,False
스킨토너,제형,2020-10-05,0.8324,,True
스킨토너,제형,2021-10-25,1.66926,4.0,False
스킨토너,제형,2021-11-29,1.15347,,True
스킨토너,제형,2022-01-24,2.61612,6.0,False
스킨토너,제형,2022-03-14,1.8298,10.0,False
스킨토너,제형,2022-08-15,1.16982,,True
스킨토너,제형,2022-11-07,2.60572,3.0,False
스킨토너,제형,2023-01-02,1.13266,,True
스킨토너,제형,2023-02-27,1.62913,29.0,False
스킨토너,제형,2023-03-27,2.03195,17.0,False
스킨토너,제형,2023-10-02,1.14455,,True
스킨토너,제형,2024-02-12,1.18914,40.0,False
스킨토너,제형,2025-02-03,0.67632,,True
스킨토너,제형,2025-12-29,0.55741,38.0,False
시어버터,성분,2016-01-04,1.98626,3.0,False
시어버터,성분,2016-02-15,1.06796,11.0,False
시어버터,성분,2016-09-19,0.58852,,True
시어버터,성분,2016-10-10,0.85437,38.0,False
시어버터,성분,2016-10-31,0.94467,35.0,False
시어버터,성분,2017-01-23,51.67272,1.0,False
시어버터,성분,2017-02-06,3.8954,1.0,False
시어버터,성분,2017-03-13,2.21659,2.0,False
시어버터,성분,2017-04-17,2.4728,1.0,False
시어버터,성분,2017-07-17,1.08166,1.0,False
시어버터,성분,2017-10-09,0.90967,29.0,False
시어버터,성분,2017-11-13,1.44847,15.0,False
시어버터,성분,2017-12-18,1.85587,8.0,False
시어버터,성분,2017-12-25,17.93773,1.0,False
시어버터,성분,2018-09-10,0.73666,45.0,False
시어버터,성분,2019-02-11,1.15573,10.0,False
시어버터,성분,2019-03-04,1.35715,3.0,False
시어버터,성분,2019-09-16,0.53778,,True
시어버터,성분,2020-04-13,5.04505,1.0,False
시어버터,성분,2020-08-17,6.82685,1.0,False
시어버터,성분,2020-10-05,0.77979,40.0,False
시어버터,성분,2020-11-09,1.76759,2.0,False
시어버터,성분,2021-01-11,1.39114,4.0,False
시어버터,성분,2021-02-22,4.25105,1.0,False
시어버터,성분,2021-04-19,2.11461,1.0,False
시어버터,성분,2021-05-31,0.83103,6.0,False
시어버터,성분,2021-06-07,1.54081,1.0,False
시어버터,성분,2021-07-19,1.34497,1.0,False
시어버터,성분,2021-09-06,0.66513,,True
시어버터,성분,2021-10-04,1.66206,1.0,False
시어버터,성분,2022-05-02,2.75438,1.0,False
시어버터,성분,2023-01-16,1.16334,7.0,False
시어버터,성분,2023-02-13,0.93859,9.0,False
시어버터,성분,2023-02-27,1.67525,1.0,False
시어버터,성분,2023-04-24,0.61794,,True
시어버터,성분,2023-06-12,0.59765,,True
시어버터,성분,2023-10-02,0.47842,,True
시어버터,성분,2024-03-04,0.70977,13.0,False
시어버터,성분,2024-03-18,0.78993,7.0,False
시어버터,성분,2024-07-08,0.78486,1.0,False
시어버터,성분,2025-01-06,0.71992,9.0,False
시어버터,성분,2025-06-09,0.40131,,True
시어버터,성분,2025-08-11,0.66411,1.0,False
시어버터,성분,2025-09-22,0.37442,38.0,False
시어버터,성분,2026-01-12,1.14913,1.0,False
시어버터,성분,2026-03-23,0.51546,2.0,False
시어버터,성분,2026-09-21,0.46929,,True
시카케어,컨셉·클레임,2016-01-04,53.61086,,True
시트팩,제형,2016-01-04,0.72984,,True
시트팩,제형,2016-02-01,1.20104,32.0,False
시트팩,제형,2016-02-15,2.59383,3.0,False
시트팩,제형,2016-07-25,2.30397,6.0,False
시트팩,제형,2016-08-15,2.91044,3.0,False
시트팩,제형,2017-09-18,0.54998,,True
시트팩,제형,2018-02-19,0.63916,,True
시트팩,제형,2018-07-23,0.5143,,True
시트팩,제형,2019-02-11,0.55295,30.0,False
시트팩,제형,2019-08-12,0.62133,3.0,False
시트팩,제형,2019-09-16,0.35971,,True
시트팩,제형,2019-10-07,0.89929,1.0,False
시트팩,제형,2019-12-09,0.45633,,True
시트팩,제형,2020-03-16,0.4162,,True
시트팩,제형,2020-08-17,0.38201,,True
시트팩,제형,2021-02-15,0.61835,26.0,False
시트팩,제형,2021-02-22,0.92456,15.0,False
시트팩,제형,2021-06-21,0.8651,2.0,False
시트팩,제형,2021-07-12,0.59011,7.0,False
시트팩,제형,2021-10-18,0.36863,,True
시트팩,제형,2021-10-25,0.53065,45.0,False
시트팩,제형,2022-09-12,0.35525,,True
시트팩,제형,2022-10-17,0.45187,,True
시트팩,제형,2023-01-02,0.35823,,True
시트팩,제형,2023-10-09,0.42512,,True
시트팩,제형,2024-02-19,0.97361,1.0,False
시트팩,제형,2024-12-09,0.27945,43.0,False
시트팩,제형,2025-01-20,0.36566,35.0,False
시트팩,제형,2025-05-12,0.32998,21.0,False
시트팩,제형,2025-08-18,0.29877,7.0,False
시트팩,제형,2025-10-13,0.26904,,True
시트팩,제형,2026-02-16,0.27647,28.0,False
아데노신,성분,2016-01-04,3.55787,,True
아데노신,성분,2016-02-15,3.46767,,True
아데노신,성분,2016-07-04,6.03061,4.0,False
아데노신,성분,2017-01-30,3.59502,,True
아데노신,성분,2017-06-12,8.3362,3.0,False
아데노신,성분,2017-10-09,4.62709,,True
아데노신,성분,2018-02-19,3.73033,,True
아데노신,성분,2021-02-15,3.84972,,True
아데노신,성분,2021-07-12,23.95266,1.0,False
아데노신,성분,2021-08-09,7.66761,24.0,False
아데노신,성분,2021-10-04,6.89819,17.0,False
아데노신,성분,2022-02-07,4.36178,,True
아데노신,성분,2022-07-18,5.63264,,True
아데노신,성분,2023-04-03,8.88275,12.0,False
아데노신,성분,2023-07-03,6.11551,,True
아데노신,성분,2023-08-07,15.87912,5.0,False
아데노신,성분,2023-10-02,8.88541,42.0,False
아데노신,성분,2024-11-18,6.16327,,True
아데노신,성분,2025-02-03,4.85527,,True
아데노신,성분,2025-06-09,5.71223,,True
아데노신,성분,2026-02-16,6.87432,10.0,False
아데노신,성분,2026-05-11,5.27181,7.0,False
아데노신,성분,2026-05-18,7.64373,4.0,False
아데노신,성분,2026-07-06,3.88686,,True
아데노신,성분,2026-08-24,5.39651,,True
아데노신,성분,2026-09-21,6.9486,,True
아미노산 성분,성분,2020-01-13,0.10444,,True
아미노산 성분,성분,2020-06-22,0.20889,2.0,False
아미노산 성분,성분,2020-06-29,0.41778,1.0,False
아미노산 성분,성분,2020-07-27,0.41778,3.0,False
아미노산 성분,성분,2021-03-29,0.10444,,True
아미노산 성분,성분,2022-03-21,0.10444,,True
아미노산 성분,성분,2022-08-15,0.10444,,True
아미노산 성분,성분,2022-09-19,0.1492,1.0,False
아미노산 성분,성분,2024-09-30,0.17905,1.0,False
아미노산 성분,성분,2025-05-12,0.10444,,True
아미노산 성분,성분,2025-07-28,0.13428,,True
아미노산 성분,성분,2026-03-09,0.3581,1.0,False
아하 성분,성분,2016-01-04,0.04584,,True
아하 성분,성분,2016-01-11,0.11003,,True
아하 성분,성분,2016-02-08,0.09284,,True
아하 성분,성분,2016-02-29,0.12608,28.0,False
아하 성분,성분,2016-05-30,0.14327,15.0,False
아하 성분,성분,2016-09-19,0.08711,45.0,False
아하 성분,성분,2016-10-24,0.12035,5.0,False
아하 성분,성분,2016-11-07,0.10315,37.0,False
아하 성분,성분,2016-12-05,0.09628,33.0,False
아하 성분,성분,2017-01-30,0.11347,22.0,False
아하 성분,성분,2017-02-13,0.11461,20.0,False
아하 성분,성분,2017-05-08,0.09513,11.0,False
아하 성분,성분,2017-07-17,0.0745,11.0,False
아하 성분,성분,2017-08-07,0.05845,8.0,False
아하 성분,성분,2017-08-14,0.07908,7.0,False
아하 성분,성분,2017-08-28,0.09284,5.0,False
아하 성분,성분,2017-10-09,0.06877,5.0,False
아하 성분,성분,2017-11-20,0.08825,2.0,False
아하 성분,성분,2017-12-11,0.06418,,True
아하 성분,성분,2018-01-29,0.11003,39.0,False
아하 성분,성분,2018-03-05,0.10774,34.0,False
아하 성분,성분,2018-04-02,0.08481,30.0,False
아하 성분,성분,2018-05-07,0.11691,20.0,False
아하 성분,성분,2018-05-28,0.10201,22.0,False
아하 성분,성분,2018-06-11,0.12493,15.0,False
아하 성분,성분,2018-08-13,0.12722,6.0,False
아하 성분,성분,2018-10-01,0.0894,4.0,False
아하 성분,성분,2018-11-05,0.07221,44.0,False
아하 성분,성분,2018-11-19,0.1043,23.0,False
아하 성분,성분,2018-12-31,0.13295,12.0,False
아하 성분,성분,2019-02-11,0.12378,10.0,False
아하 성분,성분,2019-04-01,0.09169,4.0,False
아하 성분,성분,2019-05-06,0.06647,18.0,False
아하 성분,성분,2019-06-10,0.06418,13.0,False
아하 성분,성분,2019-06-24,0.0745,11.0,False
아하 성분,성분,2019-08-19,0.05616,3.0,False
아하 성분,성분,2019-09-16,0.06189,10.0,False
아하 성분,성분,2019-11-04,0.05501,7.0,False
아하 성분,성분,2019-12-02,0.04584,,True
아하 성분,성분,2019-12-30,0.06074,,True
아하 성분,성분,2020-01-27,0.07679,45.0,False
아하 성분,성분,2020-03-02,0.06991,,True
아하 성분,성분,2020-03-09,0.10888,27.0,False
아하 성분,성분,2020-03-23,0.09398,32.0,False
아하 성분,성분,2020-08-10,0.09742,7.0,False
아하 성분,성분,2020-11-09,0.06533,,True
아하 성분,성분,2020-11-30,0.07679,1.0,False
아하 성분,성분,2020-12-14,0.06304,,True
아하 성분,성분,2020-12-28,0.06877,,True
아하 성분,성분,2021-02-01,0.07335,,True
아하 성분,성분,2021-03-22,0.05501,,True
아하 성분,성분,2021-03-29,0.08252,23.0,False
아하 성분,성분,2021-06-14,0.08138,,True
아하 성분,성분,2021-07-12,0.08367,8.0,False
아하 성분,성분,2021-08-23,0.08023,,True
아하 성분,성분,2021-09-13,0.06762,,True
아하 성분,성분,2021-12-27,0.10888,40.0,False
아하 성분,성분,2022-03-21,0.12378,6.0,False
아하 성분,성분,2022-05-16,0.10774,20.0,False
아하 성분,성분,2022-06-20,0.11691,15.0,False
아하 성분,성분,2022-07-25,0.1043,10.0,False
아하 성분,성분,2022-10-10,0.05501,,True
아하 성분,성분,2022-11-07,0.06418,,True
아하 성분,성분,2023-01-09,0.08596,50.0,False
아하 성분,성분,2023-01-23,0.07564,48.0,False
아하 성분,성분,2023-01-30,0.11576,5.0,False
아하 성분,성분,2023-05-29,0.09054,30.0,False
아하 성분,성분,2023-06-12,0.09628,28.0,False
아하 성분,성분,2023-07-10,0.11003,2.0,False
아하 성분,성분,2023-09-04,0.07908,16.0,False
아하 성분,성분,2023-10-02,0.08252,12.0,False
아하 성분,성분,2024-01-01,0.06418,51.0,False
아하 성분,성분,2024-01-22,0.07221,48.0,False
아하 성분,성분,2024-02-12,0.06991,45.0,False
아하 성분,성분,2024-02-26,0.10659,4.0,False
아하 성분,성분,2024-03-18,0.08596,38.0,False
아하 성분,성분,2024-04-01,0.07335,38.0,False
아하 성분,성분,2024-04-22,0.15244,9.0,False
아하 성분,성분,2024-05-06,0.12608,7.0,False
아하 성분,성분,2024-07-01,0.1043,20.0,False
아하 성분,성분,2024-09-23,0.07335,13.0,False
아하 성분,성분,2024-10-14,0.12264,1.0,False
아하 성분,성분,2024-10-28,0.07794,7.0,False
아하 성분,성분,2024-12-30,0.0424,52.0,False
아하 성분,성분,2025-01-06,0.05845,45.0,False
아하 성분,성분,2025-02-17,0.08481,15.0,False
아하 성분,성분,2025-06-16,0.06074,22.0,False
아하 성분,성분,2025-08-25,0.06991,4.0,False
아하 성분,성분,2025-10-06,0.07335,3.0,False
아하 성분,성분,2025-11-03,0.0596,2.0,False
아하 성분,성분,2025-12-01,0.04699,4.0,False
아하 성분,성분,2025-12-15,0.04584,2.0,False
아하 성분,성분,2026-01-05,0.01833,22.0,False
아하 성분,성분,2026-01-12,0.04126,4.0,False
아하 성분,성분,2026-02-23,0.04011,1.0,False
아하 성분,성분,2026-03-09,0.05157,7.0,False
아하 성분,성분,2026-04-06,0.04355,3.0,False
아하 성분,성분,2026-04-20,0.04355,1.0,False
아하 성분,성분,2026-05-04,0.02636,5.0,False
아하 성분,성분,2026-06-01,0.02636,1.0,False
아하 성분,성분,2026-06-15,0.02063,6.0,False
아하 성분,성분,2026-06-22,0.02865,5.0,False
아하 성분,성분,2026-08-17,0.01375,3.0,False
아하 성분,성분,2026-08-24,0.03323,2.0,False
아하 성분,성분,2026-09-14,0.03438,1.0,False
안면홍조,효능,2016-01-04,40.2972,21.0,False
안면홍조,효능,2016-01-18,69.45585,17.0,False
안면홍조,효능,2016-02-01,83.56861,9.0,False
안면홍조,효능,2016-07-11,17.87587,5.0,False
안면홍조,효능,2016-08-22,13.18181,42.0,False
안면홍조,효능,2016-09-19,11.5625,41.0,False
안면홍조,효능,2016-10-31,13.26267,32.0,False
안면홍조,효능,2022-10-10,2.79938,,True
안면홍조,효능,2023-10-02,2.5284,,True
안면홍조,효능,2023-11-13,3.93575,34.0,False
알란토인,성분,2016-01-04,1.37698,,True
알란토인,성분,2016-09-19,1.56801,,True
알란토인,성분,2017-10-09,1.70067,,True
알란토인,성분,2018-10-01,1.5627,,True
알란토인,성분,2019-02-11,1.64495,,True
알란토인,성분,2019-02-18,2.33477,,True
알란토인,성분,2019-09-16,1.88108,,True
알란토인,성분,2020-01-06,1.8572,,True
알란토인,성분,2020-01-27,2.15701,,True
알란토인,성분,2020-10-05,1.75373,,True
알란토인,성분,2021-05-10,3.02459,32.0,False
알란토인,성분,2022-09-05,4.51566,1.0,False
알란토인,성분,2023-10-02,1.62107,,True
알란토인,성분,2024-02-12,1.58923,,True
알란토인,성분,2024-09-23,1.51229,,True
알란토인,성분,2025-09-29,3.1599,1.0,False
알란토인,성분,2026-01-12,1.23106,25.0,False
알러지테스트,컨셉·클레임,2016-01-04,1.00514,51.0,False
알러지테스트,컨셉·클레임,2016-08-22,1.45985,12.0,False
알러지테스트,컨셉·클레임,2016-11-21,1.59148,1.0,False
알러지테스트,컨셉·클레임,2017-01-02,0.76582,,True
알러지테스트,컨셉·클레임,2017-03-06,1.04104,,True
알러지테스트,컨셉·클레임,2017-09-11,1.35215,5.0,False
알러지테스트,컨셉·클레임,2018-02-19,1.28036,23.0,False
알러지테스트,컨셉·클레임,2018-04-09,2.21371,5.0,False
알러지테스트,컨셉·클레임,2018-08-06,1.1248,17.0,False
알러지테스트,컨셉·클레임,2018-09-10,1.71114,6.0,False
알러지테스트,컨셉·클레임,2019-01-07,1.11283,7.0,False
알러지테스트,컨셉·클레임,2019-03-04,0.78975,39.0,False
알러지테스트,컨셉·클레임,2019-12-09,0.71796,2.0,False
알러지테스트,컨셉·클레임,2019-12-30,0.69402,3.0,False
알러지테스트,컨셉·클레임,2020-01-27,0.72992,40.0,False
알러지테스트,컨셉·클레임,2020-07-06,1.02907,15.0,False
알러지테스트,컨셉·클레임,2020-11-09,0.46667,8.0,False
알러지테스트,컨셉·클레임,2021-01-11,0.32308,1.0,False
알러지테스트,컨셉·클레임,2021-01-25,0.44274,,True
알러지테스트,컨셉·클레임,2021-03-29,0.68206,11.0,False
알러지테스트,컨셉·클레임,2021-07-19,0.43077,,True
알러지테스트,컨셉·클레임,2022-01-24,0.69402,4.0,False
알러지테스트,컨셉·클레임,2022-02-07,2.30944,1.0,False
알러지테스트,컨셉·클레임,2022-03-07,0.72992,,True
알러지테스트,컨셉·클레임,2022-03-21,0.94531,,True
알러지테스트,컨셉·클레임,2022-04-04,1.053,,True
알러지테스트,컨셉·클레임,2022-09-12,2.78808,2.0,False
알러지테스트,컨셉·클레임,2023-11-20,1.26839,5.0,False
알러지테스트,컨셉·클레임,2024-01-01,0.95728,,True
알러지테스트,컨셉·클레임,2025-10-13,3.13509,1.0,False
앰플,제형,2016-01-04,4.20203,,True
앰플,제형,2016-03-14,11.32704,2.0,False
앰플,제형,2016-04-18,5.81588,,True
앰플,제형,2016-12-26,7.17471,,True
앰플,제형,2019-09-16,7.9097,,True
앰플,제형,2022-07-25,8.24843,,True
앰플,제형,2023-03-27,12.50539,3.0,False
어성초,성분,2016-01-04,0.97443,,True
어성초,성분,2016-01-18,1.55422,38.0,False
어성초,성분,2017-01-02,0.72764,,True
어성초,성분,2017-06-05,1.49991,2.0,False
어성초,성분,2017-07-31,1.30389,18.0,False
어성초,성분,2017-08-07,4.48626,1.0,False
어성초,성분,2017-12-25,1.43324,1.0,False
어성초,성분,2018-03-19,2.19222,3.0,False
어성초,성분,2022-02-28,0.91957,30.0,False
어성초,성분,2023-07-31,0.72299,15.0,False
엑소좀,성분,2016-01-18,0.00241,,True
엑소좀,성분,2016-02-01,0.00204,,True
엑소좀,성분,2016-02-15,0.00399,12.0,False
엑소좀,성분,2016-02-22,0.01227,1.0,False
엑소좀,성분,2016-03-28,0.0053,5.0,False
엑소좀,성분,2016-05-16,0.0039,,True
엑소좀,성분,2016-05-23,0.00539,2.0,False
엑소좀,성분,2016-06-13,0.00753,1.0,False
엑소좀,성분,2016-07-25,0.00464,2.0,False
엑소좀,성분,2016-08-15,0.00511,,True
엑소좀,성분,2016-09-26,0.0052,,True
엑소좀,성분,2016-10-10,0.00957,4.0,False
엑소좀,성분,2016-11-14,0.00613,6.0,False
엑소좀,성분,2016-11-28,0.00883,3.0,False
엑소좀,성분,2017-01-02,0.00623,39.0,False
엑소좀,성분,2017-03-06,0.00901,8.0,False
엑소좀,성분,2017-03-27,0.01236,5.0,False
엑소좀,성분,2017-04-24,0.01385,1.0,False
엑소좀,성분,2017-05-08,0.01404,7.0,False
엑소좀,성분,2017-06-12,0.01143,8.0,False
엑소좀,성분,2017-07-03,0.01218,5.0,False
엑소좀,성분,2017-07-24,0.0105,2.0,False
엑소좀,성분,2017-08-14,0.00734,7.0,False
엑소좀,성분,2017-09-04,0.01432,3.0,False
엑소좀,성분,2017-10-09,0.01301,,True
엑소좀,성분,2017-10-30,0.03003,7.0,False
엑소좀,성분,2017-11-20,0.02157,12.0,False
엑소좀,성분,2017-12-11,0.0357,1.0,False
엑소좀,성분,2018-01-29,0.03217,2.0,False
엑소좀,성분,2018-02-19,0.01478,,True
엑소좀,성분,2018-02-26,0.03868,17.0,False
엑소좀,성분,2018-03-12,0.03989,15.0,False
엑소좀,성분,2018-04-23,0.03217,22.0,False
엑소좀,성분,2018-07-23,0.03375,9.0,False
엑소좀,성분,2018-08-06,0.02566,7.0,False
엑소좀,성분,2018-08-20,0.0305,5.0,False
엑소좀,성분,2018-10-01,0.02464,,True
엑소좀,성분,2018-10-15,0.04751,9.0,False
엑소좀,성분,2018-11-05,0.0463,6.0,False
엑소좀,성분,2018-12-31,0.04193,,True
엑소좀,성분,2019-02-04,0.16514,1.0,False
엑소좀,성분,2019-03-04,0.1631,3.0,False
엑소좀,성분,2019-04-08,0.09019,8.0,False
엑소좀,성분,2019-04-22,0.06899,20.0,False
엑소좀,성분,2019-09-16,0.05969,,True
엑소좀,성분,2019-10-14,0.06323,,True
엑소좀,성분,2020-05-11,0.11642,,True
엑소좀,성분,2020-07-06,0.19639,12.0,False
엑소좀,성분,2020-10-05,0.13771,,True
엑소좀,성분,2021-05-24,0.3076,,True
엑소좀,성분,2021-09-27,0.34359,,True
엑소좀,성분,2022-10-03,1.13456,4.0,False
엑소좀,성분,2023-01-02,0.65287,,True
엑소좀,성분,2025-10-13,0.4283,39.0,False
엑소좀,성분,2026-02-23,0.36182,30.0,False
영양공급,효능,2016-01-11,0.25409,,True
영양공급,효능,2016-01-25,0.45172,4.0,False
영양공급,효능,2016-03-07,0.36702,7.0,False
영양공급,효능,2016-03-14,0.50818,6.0,False
영양공급,효능,2016-04-18,0.98814,1.0,False
영양공급,효능,2016-05-02,0.42348,1.0,False
영양공급,효능,2016-05-16,0.31055,13.0,False
영양공급,효능,2016-05-23,0.45172,12.0,False
영양공급,효능,2016-05-30,0.98814,4.0,False
영양공급,효능,2016-09-05,0.45172,2.0,False
영양공급,효능,2016-09-19,0.76228,1.0,False
영양공급,효능,2016-10-03,0.70581,2.0,False
영양공급,효능,2016-11-07,0.87521,2.0,False
영양공급,효능,2016-12-12,0.42348,2.0,False
영양공급,효능,2017-02-06,0.33879,4.0,False
영양공급,효능,2017-02-20,0.50818,2.0,False
영양공급,효능,2017-04-03,0.42348,2.0,False
영양공급,효능,2017-04-24,0.45172,2.0,False
영양공급,효능,2017-05-29,0.42348,2.0,False
영양공급,효능,2017-06-26,0.36702,4.0,False
영양공급,효능,2017-08-28,0.31055,5.0,False
영양공급,효능,2017-09-04,0.47995,3.0,False
영양공급,효능,2017-10-23,0.62111,4.0,False
영양공급,효능,2017-12-11,0.31055,3.0,False
영양공급,효능,2018-01-08,3.07735,1.0,False
영양공급,효능,2018-03-12,0.31055,2.0,False
영양공급,효능,2018-04-09,0.19762,,True
영양공급,효능,2018-04-23,0.31055,5.0,False
영양공급,효능,2018-05-28,0.28232,2.0,False
영양공급,효능,2018-06-25,0.53642,2.0,False
영양공급,효능,2018-08-27,0.56465,1.0,False
영양공급,효능,2018-10-01,0.19762,,True
영양공급,효능,2018-11-05,0.47995,2.0,False
영양공급,효능,2018-12-17,0.45172,1.0,False
영양공급,효능,2019-01-07,0.19762,,True
영양공급,효능,2019-03-04,0.19762,,True
영양공급,효능,2019-03-11,0.42348,6.0,False
영양공급,효능,2019-05-13,0.45172,1.0,False
영양공급,효능,2019-07-08,0.28232,1.0,False
영양공급,효능,2019-09-16,0.53642,1.0,False
영양공급,효능,2019-10-28,0.31055,1.0,False
영양공급,효능,2019-11-18,0.33879,1.0,False
영양공급,효능,2019-12-02,0.50818,1.0,False
영양공급,효능,2020-02-24,0.45172,1.0,False
영양공급,효능,2020-03-09,0.33879,1.0,False
영양공급,효능,2020-04-20,0.25409,,True
영양공급,효능,2020-05-11,0.42348,1.0,False
영양공급,효능,2020-05-25,0.50818,2.0,False
영양공급,효능,2020-06-15,0.53642,3.0,False
영양공급,효능,2020-09-07,0.33879,5.0,False
영양공급,효능,2020-10-26,0.36702,1.0,False
영양공급,효능,2020-11-23,0.50818,2.0,False
영양공급,효능,2021-01-04,0.19762,,True
영양공급,효능,2021-01-11,0.28232,1.0,False
영양공급,효능,2021-03-29,0.33879,2.0,False
영양공급,효능,2021-04-05,0.56465,1.0,False
영양공급,효능,2021-05-24,0.47995,3.0,False
영양공급,효능,2021-06-07,0.9599,1.0,False
영양공급,효능,2021-08-09,0.31055,2.0,False
영양공급,효능,2021-08-30,0.28232,1.0,False
영양공급,효능,2021-11-01,1.52456,1.0,False
영양공급,효능,2021-11-22,0.19762,,True
영양공급,효능,2022-03-07,0.33879,1.0,False
영양공급,효능,2022-03-21,0.28232,3.0,False
영양공급,효능,2022-04-25,0.47995,2.0,False
영양공급,효능,2022-05-16,0.31055,3.0,False
영양공급,효능,2022-06-27,0.64935,1.0,False
영양공급,효능,2022-07-11,0.42348,1.0,False
영양공급,효능,2022-10-31,0.36702,2.0,False
영양공급,효능,2023-03-06,0.31055,1.0,False
영양공급,효능,2023-03-27,0.33879,1.0,False
영양공급,효능,2023-05-15,0.28232,2.0,False
영양공급,효능,2023-07-03,0.28232,2.0,False
영양공급,효능,2023-09-18,0.50818,1.0,False
영양공급,효능,2024-05-06,0.19762,,True
영양공급,효능,2024-07-15,0.33879,3.0,False
영양공급,효능,2024-07-22,0.50818,2.0,False
올인원 스킨케어,컨셉·클레임,2016-01-18,0.13162,2.0,False
올인원 스킨케어,컨셉·클레임,2016-04-25,0.21538,1.0,False
올인원 스킨케어,컨셉·클레임,2016-06-13,0.11966,10.0,False
올인원 스킨케어,컨셉·클레임,2016-07-18,0.26325,3.0,False
올인원 스킨케어,컨셉·클레임,2016-08-29,0.17949,1.0,False
올인원 스킨케어,컨셉·클레임,2016-09-12,0.21538,1.0,False
올인원 스킨케어,컨셉·클레임,2020-01-27,0.13162,1.0,False
올인원 스킨케어,컨셉·클레임,2022-01-31,0.11966,3.0,False
올인원 스킨케어,컨셉·클레임,2022-09-19,0.37094,1.0,False
올인원 스킨케어,컨셉·클레임,2025-04-14,0.14359,1.0,False
올인원 스킨케어,컨셉·클레임,2025-12-08,0.13162,2.0,False
올인원 스킨케어,컨셉·클레임,2026-02-02,0.33504,1.0,False
올인원 스킨케어,컨셉·클레임,2026-03-09,0.27521,4.0,False
올인원 스킨케어,컨셉·클레임,2026-03-30,0.34701,1.0,False
올인원 스킨케어,컨셉·클레임,2026-04-20,0.21538,2.0,False
올인원 스킨케어,컨셉·클레임,2026-05-11,0.11966,1.0,False
올인원 스킨케어,컨셉·클레임,2026-07-13,0.5983,2.0,False
자연유래 성분,컨셉·클레임,2016-03-07,0.10801,2.0,False
자연유래 성분,컨셉·클레임,2016-03-28,0.14956,1.0,False
자연유래 성분,컨셉·클레임,2016-04-18,0.0997,2.0,False
자연유래 성분,컨셉·클레임,2016-05-30,0.1828,10.0,False
자연유래 성분,컨셉·클레임,2016-07-25,0.24096,3.0,False
자연유래 성분,컨셉·클레임,2016-09-19,0.20772,5.0,False
자연유래 성분,컨셉·클레임,2016-10-17,0.24927,1.0,False
자연유래 성분,컨셉·클레임,2016-10-31,0.34898,2.0,False
자연유래 성분,컨셉·클레임,2016-11-28,0.43207,2.0,False
자연유래 성분,컨셉·클레임,2017-01-30,0.19941,1.0,False
자연유래 성분,컨셉·클레임,2017-02-13,0.1828,8.0,False
자연유래 성분,컨셉·클레임,2017-03-06,0.23265,5.0,False
자연유래 성분,컨셉·클레임,2017-04-17,0.20772,2.0,False
자연유래 성분,컨셉·클레임,2017-05-15,0.14125,16.0,False
자연유래 성분,컨셉·클레임,2017-05-22,0.34898,2.0,False
자연유래 성분,컨셉·클레임,2017-07-10,0.32405,1.0,False
자연유래 성분,컨셉·클레임,2017-09-18,0.0914,1.0,False
자연유래 성분,컨셉·클레임,2017-10-16,0.0914,34.0,False
자연유래 성분,컨셉·클레임,2017-10-23,0.22434,4.0,False
자연유래 성분,컨셉·클레임,2018-01-01,0.1828,9.0,False
자연유래 성분,컨셉·클레임,2018-01-08,0.34067,3.0,False
자연유래 성분,컨셉·클레임,2018-02-19,0.21603,2.0,False
자연유래 성분,컨셉·클레임,2018-03-19,0.23265,1.0,False
자연유래 성분,컨셉·클레임,2018-04-30,0.24927,2.0,False
자연유래 성분,컨셉·클레임,2018-05-21,0.21603,1.0,False
자연유래 성분,컨셉·클레임,2018-06-11,0.14956,3.0,False
자연유래 성분,컨셉·클레임,2018-07-09,0.22434,2.0,False
자연유래 성분,컨셉·클레임,2018-08-06,0.21603,6.0,False
자연유래 성분,컨셉·클레임,2018-10-15,0.24927,2.0,False
자연유래 성분,컨셉·클레임,2018-11-05,0.0997,7.0,False
자연유래 성분,컨셉·클레임,2018-11-19,0.1828,3.0,False
자연유래 성분,컨셉·클레임,2018-12-31,0.14125,7.0,False
자연유래 성분,컨셉·클레임,2019-01-14,0.2825,3.0,False
자연유래 성분,컨셉·클레임,2019-02-25,0.24927,13.0,False
자연유래 성분,컨셉·클레임,2019-03-11,0.2742,5.0,False
자연유래 성분,컨셉·클레임,2019-04-22,0.34898,5.0,False
자연유래 성분,컨셉·클레임,2019-06-03,0.1911,8.0,False
자연유래 성분,컨셉·클레임,2019-07-01,0.24096,4.0,False
자연유래 성분,컨셉·클레임,2019-07-15,0.34898,1.0,False
자연유래 성분,컨셉·클레임,2019-08-05,0.13294,5.0,False
자연유래 성분,컨셉·클레임,2019-08-19,0.25758,3.0,False
자연유래 성분,컨셉·클레임,2019-09-02,0.2825,1.0,False
자연유래 성분,컨셉·클레임,2019-09-16,0.11632,3.0,False
자연유래 성분,컨셉·클레임,2019-09-23,0.30743,1.0,False
자연유래 성분,컨셉·클레임,2019-10-14,0.1911,9.0,False
자연유래 성분,컨셉·클레임,2019-12-23,0.2742,1.0,False
자연유래 성분,컨셉·클레임,2020-01-06,0.24927,18.0,False
자연유래 성분,컨셉·클레임,2020-03-09,0.3656,5.0,False
자연유래 성분,컨셉·클레임,2020-04-06,0.44869,1.0,False
자연유래 성분,컨셉·클레임,2020-05-25,0.24927,1.0,False
자연유래 성분,컨셉·클레임,2020-06-08,0.22434,18.0,False
자연유래 성분,컨셉·클레임,2020-08-17,0.25758,8.0,False
자연유래 성분,컨셉·클레임,2020-09-21,0.5484,1.0,False
자연유래 성분,컨셉·클레임,2020-10-19,0.93892,1.0,False
자연유래 성분,컨셉·클레임,2021-01-11,0.35729,4.0,False
자연유래 성분,컨셉·클레임,2021-01-18,0.81429,1.0,False
자연유래 성분,컨셉·클레임,2021-03-01,0.61487,2.0,False
자연유래 성분,컨셉·클레임,2021-04-12,0.2742,6.0,False
자연유래 성분,컨셉·클레임,2021-04-19,0.58994,2.0,False
자연유래 성분,컨셉·클레임,2021-05-31,0.21603,4.0,False
자연유래 성분,컨셉·클레임,2021-06-14,0.2742,2.0,False
자연유래 성분,컨셉·클레임,2021-07-05,0.25758,3.0,False
자연유래 성분,컨셉·클레임,2021-07-19,1.02201,1.0,False
자연유래 성분,컨셉·클레임,2021-08-02,0.25758,2.0,False
자연유래 성분,컨셉·클레임,2021-08-23,0.14956,2.0,False
자연유래 성분,컨셉·클레임,2021-08-30,0.34898,1.0,False
자연유래 성분,컨셉·클레임,2021-09-13,0.3656,1.0,False
자연유래 성분,컨셉·클레임,2021-09-27,0.26589,1.0,False
자연유래 성분,컨셉·클레임,2021-10-11,0.25758,5.0,False
자연유래 성분,컨셉·클레임,2021-11-29,0.0914,21.0,False
자연유래 성분,컨셉·클레임,2021-12-13,0.34067,2.0,False
자연유래 성분,컨셉·클레임,2022-01-03,0.0997,16.0,False
자연유래 성분,컨셉·클레임,2022-01-10,0.38221,1.0,False
자연유래 성분,컨셉·클레임,2022-02-07,0.30743,3.0,False
자연유래 성분,컨셉·클레임,2022-05-09,0.15787,6.0,False
자연유래 성분,컨셉·클레임,2022-06-27,0.13294,9.0,False
자연유래 성분,컨셉·클레임,2022-07-11,0.23265,7.0,False
자연유래 성분,컨셉·클레임,2022-08-15,0.29081,3.0,False
자연유래 성분,컨셉·클레임,2022-09-19,0.14956,4.0,False
자연유래 성분,컨셉·클레임,2022-09-26,0.29912,2.0,False
자연유래 성분,컨셉·클레임,2022-10-24,0.08309,19.0,False
자연유래 성분,컨셉·클레임,2022-10-31,0.31574,2.0,False
자연유래 성분,컨셉·클레임,2022-11-21,0.23265,1.0,False
자연유래 성분,컨셉·클레임,2022-12-05,0.23265,3.0,False
자연유래 성분,컨셉·클레임,2023-01-02,0.14956,8.0,False
자연유래 성분,컨셉·클레임,2023-01-16,0.26589,3.0,False
자연유래 성분,컨셉·클레임,2023-03-20,0.16618,5.0,False
자연유래 성분,컨셉·클레임,2023-05-08,0.13294,6.0,False
자연유래 성분,컨셉·클레임,2023-05-29,0.1828,3.0,False
자연유래 성분,컨셉·클레임,2023-06-12,0.22434,1.0,False
자연유래 성분,컨셉·클레임,2023-06-26,0.0997,9.0,False
자연유래 성분,컨셉·클레임,2023-07-03,0.2825,1.0,False
자연유래 성분,컨셉·클레임,2023-08-07,0.26589,2.0,False
자연유래 성분,컨셉·클레임,2023-09-25,0.0997,2.0,False
자연유래 성분,컨셉·클레임,2023-10-16,0.10801,4.0,False
자연유래 성분,컨셉·클레임,2023-11-06,0.0997,1.0,False
자연유래 성분,컨셉·클레임,2023-11-27,0.14125,3.0,False
자연유래 성분,컨셉·클레임,2024-01-01,0.0997,2.0,False
자연유래 성분,컨셉·클레임,2024-01-22,0.0997,4.0,False
자연유래 성분,컨셉·클레임,2024-03-04,0.1911,4.0,False
자연유래 성분,컨셉·클레임,2024-04-01,0.19941,1.0,False
자연유래 성분,컨셉·클레임,2024-05-27,0.0914,1.0,False
자연유래 성분,컨셉·클레임,2024-06-10,0.3739,1.0,False
자연유래 성분,컨셉·클레임,2024-07-29,0.14956,2.0,False
자연유래 성분,컨셉·클레임,2024-09-09,0.14956,1.0,False
자연유래 성분,컨셉·클레임,2024-10-28,0.12463,3.0,False
자연유래 성분,컨셉·클레임,2024-11-04,0.24096,1.0,False
자연유래 성분,컨셉·클레임,2024-11-25,0.19941,1.0,False
자연유래 성분,컨셉·클레임,2025-03-10,0.08309,1.0,False
자연유래 성분,컨셉·클레임,2025-03-31,0.16618,3.0,False
자연유래 성분,컨셉·클레임,2025-06-09,0.0997,2.0,False
자연유래 성분,컨셉·클레임,2026-01-05,0.86414,1.0,False
잡티,효능,2016-01-04,5.85138,,True
잡티,효능,2016-02-08,11.24805,,True
잡티,효능,2016-03-14,10.85317,,True
잡티,효능,2016-04-11,13.76091,52.0,False
잡티,효능,2016-08-15,10.3147,45.0,False
잡티,효능,2017-09-18,7.51465,,True
잡티,효능,2017-09-25,10.55402,3.0,False
잡티,효능,2018-02-05,8.98647,,True
잡티,효능,2018-03-19,9.02237,,True
잡티,효능,2022-08-29,7.19157,,True
잡티,효능,2023-10-02,8.85485,,True
잡티,효능,2026-01-12,8.20868,5.0,False
잡티,효능,2026-01-19,11.77456,3.0,False
잡티,효능,2026-08-24,3.35048,,True
장미추출물,성분,2016-02-22,0.00102,2.0,False
장미추출물,성분,2016-04-11,0.00092,1.0,False
장미추출물,성분,2016-05-02,0.00092,2.0,False
장미추출물,성분,2016-05-30,0.00148,2.0,False
장미추출물,성분,2016-08-15,0.0012,1.0,False
장미추출물,성분,2016-09-26,0.00065,,True
장미추출물,성분,2016-10-17,0.00148,1.0,False
장미추출물,성분,2016-11-07,0.00092,1.0,False
장미추출물,성분,2017-01-09,0.0012,2.0,False
장미추출물,성분,2017-02-06,0.00092,5.0,False
장미추출물,성분,2017-02-20,0.0013,1.0,False
장미추출물,성분,2017-03-27,0.00158,3.0,False
장미추출물,성분,2017-05-29,0.0013,2.0,False
장미추출물,성분,2017-06-05,0.00297,1.0,False
장미추출물,성분,2017-06-19,0.00185,1.0,False
장미추출물,성분,2017-08-28,0.00092,4.0,False
장미추출물,성분,2017-10-23,0.00111,1.0,False
장미추출물,성분,2018-01-01,0.00065,,True
장미추출물,성분,2018-02-05,0.00092,5.0,False
장미추출물,성분,2018-02-26,0.00111,3.0,False
장미추출물,성분,2018-04-02,0.00102,3.0,False
장미추출물,성분,2018-06-11,0.00111,1.0,False
장미추출물,성분,2018-06-25,0.00111,2.0,False
장미추출물,성분,2018-07-16,0.00092,6.0,False
장미추출물,성분,2018-08-27,0.00176,1.0,False
장미추출물,성분,2018-10-15,0.00092,1.0,False
장미추출물,성분,2018-11-12,0.00065,,True
장미추출물,성분,2018-12-17,0.00111,2.0,False
장미추출물,성분,2019-01-28,0.00139,1.0,False
장미추출물,성분,2019-02-18,0.00195,1.0,False
장미추출물,성분,2019-03-25,0.00065,,True
장미추출물,성분,2019-04-29,0.00074,,True
장미추출물,성분,2019-05-20,0.00102,2.0,False
장미추출물,성분,2019-08-05,0.00065,,True
장미추출물,성분,2019-08-19,0.00102,8.0,False
장미추출물,성분,2019-09-23,0.00111,2.0,False
장미추출물,성분,2020-02-17,0.00139,2.0,False
장미추출물,성분,2020-03-23,0.00148,1.0,False
장미추출물,성분,2020-04-20,0.00111,2.0,False
장미추출물,성분,2020-05-18,0.00148,3.0,False
장미추출물,성분,2020-08-24,0.00102,3.0,False
장미추출물,성분,2021-02-01,0.0012,1.0,False
장미추출물,성분,2021-03-29,0.0013,1.0,False
장미추출물,성분,2021-04-26,0.00158,1.0,False
장미추출물,성분,2021-08-09,0.00195,4.0,False
장미추출물,성분,2021-08-23,0.00334,2.0,False
장미추출물,성분,2021-10-18,0.00092,1.0,False
장미추출물,성분,2021-11-15,0.00111,1.0,False
장미추출물,성분,2022-01-03,0.00102,1.0,False
장미추출물,성분,2022-02-21,0.00065,,True
장미추출물,성분,2022-05-16,0.00065,,True
장미추출물,성분,2022-05-30,0.00065,,True
장미추출물,성분,2023-04-10,0.00074,,True
장미추출물,성분,2023-05-15,0.00158,1.0,False
장미추출물,성분,2023-09-04,0.00065,,True
장미추출물,성분,2024-01-22,0.00102,1.0,False
장미추출물,성분,2024-07-15,0.00148,3.0,False
장미추출물,성분,2024-08-05,0.00278,2.0,False
장미추출물,성분,2024-11-04,0.00102,8.0,False
장미추출물,성분,2024-12-23,0.00297,3.0,False
장미추출물,성분,2024-12-30,0.03254,1.0,False
장미추출물,성분,2025-02-24,0.00102,1.0,False
장미추출물,성분,2025-03-31,0.00102,1.0,False
저자극,컨셉·클레임,2016-01-11,0.02688,3.0,False
저자극,컨셉·클레임,2016-02-15,0.0213,45.0,False
저자극,컨셉·클레임,2016-05-09,0.04109,12.0,False
저자극,컨셉·클레임,2016-05-23,0.04363,4.0,False
저자극,컨셉·클레임,2016-09-19,0.02993,8.0,False
저자극,컨셉·클레임,2016-11-21,0.02891,5.0,False
저자극,컨셉·클레임,2017-01-02,0.01775,17.0,False
저자극,컨셉·클레임,2017-05-08,0.04515,20.0,False
저자극,컨셉·클레임,2017-10-09,0.02536,37.0,False
저자극,컨셉·클레임,2018-02-19,0.03703,15.0,False
저자극,컨셉·클레임,2018-06-11,0.03449,2.0,False
저자극,컨셉·클레임,2018-07-02,0.02993,25.0,False
저자극,컨셉·클레임,2018-10-01,0.03094,12.0,False
저자극,컨셉·클레임,2018-11-05,0.03196,7.0,False
저자극,컨셉·클레임,2018-12-10,0.0416,1.0,False
저자극,컨셉·클레임,2018-12-31,0.01369,52.0,False
저자극,컨셉·클레임,2019-01-07,0.04769,4.0,False
저자극,컨셉·클레임,2019-02-11,0.02841,39.0,False
저자극,컨셉·클레임,2019-03-18,0.035,28.0,False
저자극,컨셉·클레임,2019-09-16,0.03602,2.0,False
저자극,컨셉·클레임,2019-10-07,0.03044,5.0,False
저자극,컨셉·클레임,2019-11-18,0.0208,5.0,False
저자극,컨셉·클레임,2019-12-16,0.02942,1.0,False
저자극,컨셉·클레임,2020-01-06,0.02942,16.0,False
저자극,컨셉·클레임,2020-05-04,0.02384,34.0,False
저자극,컨셉·클레임,2020-06-01,0.03957,1.0,False
저자극,컨셉·클레임,2020-10-12,0.03449,8.0,False
저자극,컨셉·클레임,2020-12-14,0.03094,2.0,False
저자극,컨셉·클레임,2021-01-04,0.0279,5.0,False
저자극,컨셉·클레임,2021-02-15,0.02993,11.0,False
저자극,컨셉·클레임,2021-05-17,0.02942,18.0,False
저자극,컨셉·클레임,2021-07-12,0.03297,10.0,False
저자극,컨셉·클레임,2021-09-27,0.01369,10.0,False
저자극,컨셉·클레임,2021-12-13,0.01268,42.0,False
저자극,컨셉·클레임,2022-02-07,0.01877,5.0,False
저자극,컨셉·클레임,2022-03-07,0.02333,1.0,False
저자극,컨셉·클레임,2022-03-21,0.02029,6.0,False
저자극,컨셉·클레임,2022-04-11,0.03348,3.0,False
저자극,컨셉·클레임,2022-05-09,0.06494,1.0,False
저자극,컨셉·클레임,2022-08-08,0.02384,5.0,False
저자극,컨셉·클레임,2022-08-29,0.0208,2.0,False
저자극,컨셉·클레임,2022-10-10,0.01471,37.0,False
저자극,컨셉·클레임,2022-11-14,0.55706,1.0,False
저자극,컨셉·클레임,2023-01-30,0.02029,21.0,False
저자극,컨셉·클레임,2023-03-13,0.03297,1.0,False
저자극,컨셉·클레임,2023-04-03,0.05986,1.0,False
저자극,컨셉·클레임,2023-06-12,0.02638,2.0,False
저자극,컨셉·클레임,2023-07-03,0.01623,1.0,False
저자극,컨셉·클레임,2023-07-17,0.01268,1.0,False
저자극,컨셉·클레임,2023-07-31,0.01927,2.0,False
저자극,컨셉·클레임,2023-08-21,0.01268,5.0,False
저자극,컨셉·클레임,2023-10-09,0.01014,6.0,False
저자극,컨셉·클레임,2023-12-04,0.01877,3.0,False
저자극,컨셉·클레임,2023-12-18,0.02283,1.0,False
저자극,컨셉·클레임,2024-01-01,0.01572,2.0,False
저자극,컨셉·클레임,2024-01-22,0.01116,8.0,False
저자극,컨셉·클레임,2024-03-25,0.01877,3.0,False
저자극,컨셉·클레임,2024-04-29,0.01268,14.0,False
저자극,컨셉·클레임,2024-07-01,0.01623,5.0,False
저자극,컨셉·클레임,2024-07-15,0.21866,3.0,False
저자극,컨셉·클레임,2024-09-02,0.00558,2.0,False
저자극,컨셉·클레임,2024-09-30,0.01014,2.0,False
저자극,컨셉·클레임,2024-10-28,0.00811,6.0,False
저자극,컨셉·클레임,2025-02-03,0.00761,2.0,False
저자극,컨셉·클레임,2025-03-03,0.01116,2.0,False
저자극,컨셉·클레임,2025-05-05,0.00811,1.0,False
저자극,컨셉·클레임,2025-05-19,0.00659,2.0,False
저자극,컨셉·클레임,2025-08-18,0.00507,1.0,False
저자극,컨셉·클레임,2025-10-20,0.0071,4.0,False
저자극,컨셉·클레임,2025-12-29,0.00507,1.0,False
저자극,컨셉·클레임,2026-04-20,0.00558,1.0,False
저자극,컨셉·클레임,2026-09-07,0.02638,,True
주름개선,효능,2016-01-04,8.64573,30.0,False
주름개선,효능,2016-02-08,8.35111,25.0,False
주름개선,효능,2016-02-15,16.22472,2.0,False
주름개선,효능,2016-03-07,10.30173,20.0,False
주름개선,효능,2016-03-14,22.42202,9.0,False
주름개선,효능,2016-03-21,40.064,6.0,False
주름개선,효능,2016-12-05,5.49629,21.0,False
주름개선,효능,2016-12-26,5.51661,18.0,False
주름개선,효능,2017-01-23,4.55145,22.0,False
주름개선,효능,2017-01-30,7.30976,2.0,False
주름개선,효능,2017-07-10,3.58122,,True
주름개선,효능,2017-08-21,4.15015,,True
주름개선,효능,2017-09-04,6.00934,,True
주름개선,효능,2017-11-06,4.8664,,True
주름개선,효능,2017-11-27,7.83297,37.0,False
주름개선,효능,2018-01-29,12.6689,9.0,False
주름개선,효능,2018-08-20,5.23722,36.0,False
주름개선,효능,2018-09-03,5.04927,34.0,False
주름개선,효능,2018-11-19,14.64492,3.0,False
주름개선,효능,2018-12-17,5.33881,19.0,False
주름개선,효능,2018-12-24,7.38595,18.0,False
주름개선,효능,2019-02-18,6.27349,10.0,False
주름개선,효능,2019-06-10,3.49486,49.0,False
주름개선,효능,2019-07-08,4.90704,42.0,False
주름개선,효능,2019-07-29,6.69511,38.0,False
주름개선,효능,2019-09-16,7.68058,31.0,False
주름개선,효능,2020-02-03,6.82718,11.0,False
주름개선,효능,2020-06-15,2.09793,,True
주름개선,효능,2020-10-05,1.94554,,True
주름개선,효능,2021-02-15,2.10809,,True
주름개선,효능,2021-03-01,2.96657,,True
주름개선,효능,2021-08-02,2.82942,47.0,False
주름개선,효능,2021-11-08,2.8599,33.0,False
주름개선,효능,2022-01-03,3.71329,10.0,False
주름개선,효능,2022-11-14,3.32215,2.0,False
주름개선,효능,2023-05-08,3.22056,5.0,False
주름개선,효능,2024-07-08,2.46875,51.0,False
주름개선,효능,2025-10-06,1.20898,29.0,False
주름개선,효능,2026-01-05,1.2293,16.0,False
주름개선,효능,2026-03-16,1.2293,6.0,False
주름개선,효능,2026-08-24,0.44193,,True
주름개선,효능,2026-09-07,0.51813,,True
친환경 화장품,컨셉·클레임,2016-01-04,8.66084,,True
친환경 화장품,컨셉·클레임,2016-02-29,15.93886,23.0,False
친환경 화장품,컨셉·클레임,2017-02-27,26.78311,3.0,False
친환경 화장품,컨셉·클레임,2017-05-01,27.51091,4.0,False
친환경 화장품,컨셉·클레임,2017-10-09,12.66375,17.0,False
친환경 화장품,컨셉·클레임,2017-11-20,23.36244,2.0,False
친환경 화장품,컨셉·클레임,2018-08-06,8.00582,,True
친환경 화장품,컨셉·클레임,2018-10-01,37.77292,2.0,False
친환경 화장품,컨셉·클레임,2019-07-08,12.51819,,True
친환경 화장품,컨셉·클레임,2019-09-16,17.54002,14.0,False
친환경 화장품,컨셉·클레임,2019-11-18,22.0524,5.0,False
친환경 화장품,컨셉·클레임,2022-02-07,18.04949,50.0,False
친환경 화장품,컨셉·클레임,2023-03-06,13.17321,43.0,False
친환경 화장품,컨셉·클레임,2023-07-10,19.79621,2.0,False
친환경 화장품,컨셉·클레임,2024-03-04,11.13537,21.0,False
친환경 화장품,컨셉·클레임,2024-07-08,16.59388,3.0,False
친환경 화장품,컨셉·클레임,2024-09-23,12.66375,14.0,False
친환경 화장품,컨셉·클레임,2024-12-16,100.0,1.0,False
친환경 화장품,컨셉·클레임,2025-02-03,6.47743,3.0,False
친환경 화장품,컨셉·클레임,2025-02-17,6.47743,1.0,False
친환경 화장품,컨셉·클레임,2025-03-03,4.07569,21.0,False
친환경 화장품,컨셉·클레임,2025-03-10,9.09752,7.0,False
친환경 화장품,컨셉·클레임,2025-05-05,8.29694,7.0,False
친환경 화장품,컨셉·클레임,2025-07-07,9.67976,2.0,False
친환경 화장품,컨셉·클레임,2025-08-04,4.14847,9.0,False
친환경 화장품,컨셉·클레임,2025-10-13,3.93013,8.0,False
친환경 화장품,컨셉·클레임,2025-11-17,4.07569,3.0,False
친환경 화장품,컨셉·클레임,2026-01-05,3.05676,1.0,False
친환경 화장품,컨셉·클레임,2026-01-19,2.11062,3.0,False
친환경 화장품,컨셉·클레임,2026-02-23,2.76564,1.0,False
친환경 화장품,컨셉·클레임,2026-03-09,2.25618,6.0,False
친환경 화장품,컨셉·클레임,2026-03-16,4.51237,5.0,False
친환경 화장품,컨셉·클레임,2026-05-04,1.8195,4.0,False
친환경 화장품,컨셉·클레임,2026-05-11,3.42066,3.0,False
친환경 화장품,컨셉·클레임,2026-06-08,1.74672,3.0,False
친환경 화장품,컨셉·클레임,2026-08-03,1.23726,1.0,False
친환경 화장품,컨셉·클레임,2026-08-24,1.60116,,True
친환경 화장품,컨셉·클레임,2026-09-07,2.47452,1.0,False
콜라겐,성분,2016-01-04,4.46902,,True
콜라겐,성분,2016-01-18,6.04733,,True
콜라겐,성분,2016-02-22,10.20459,10.0,False
콜라겐,성분,2016-05-09,7.70817,,True
콜라겐,성분,2016-05-16,11.3313,6.0,False
콜라겐,성분,2016-07-04,7.64513,,True
콜라겐,성분,2016-08-01,15.75792,9.0,False
콜라겐,성분,2016-08-22,12.78583,8.0,False
콜라겐,성분,2016-09-26,12.57722,5.0,False
콜라겐,성분,2017-01-02,8.23886,,True
콜라겐,성분,2017-01-30,6.97002,,True
콜라겐,성분,2017-02-27,12.04653,,True
콜라겐,성분,2017-06-12,22.2729,1.0,False
콜라겐,성분,2017-07-10,11.02298,,True
콜라겐,성분,2017-07-24,15.25359,,True
콜라겐,성분,2017-12-04,21.60811,2.0,False
콜라겐,성분,2018-01-01,14.52919,,True
콜라겐,성분,2018-01-29,27.4732,2.0,False
콜라겐,성분,2018-02-19,59.26528,1.0,False
콜라겐,성분,2018-03-05,18.82056,,True
콜라겐,성분,2018-04-02,18.71052,,True
콜라겐,성분,2018-05-07,19.73178,,True
콜라겐,성분,2018-10-22,22.9377,,True
콜라겐,성분,2018-11-05,17.45085,,True
콜라겐,성분,2018-12-10,24.92177,,True
콜라겐,성분,2018-12-24,28.53344,,True
콜라겐,성분,2019-01-21,32.52335,,True
콜라겐,성분,2019-01-28,100.0,1.0,False
콜라겐,성분,2019-03-18,33.02309,,True
콜라겐,성분,2019-03-25,81.30666,1.0,False
콜라겐,성분,2019-04-22,78.06178,1.0,False
콜라겐,성분,2019-05-27,52.43968,2.0,False
콜라겐,성분,2019-07-08,47.37004,3.0,False
콜라겐,성분,2019-08-12,40.41492,,True
콜라겐,성분,2019-08-19,82.01272,1.0,False
콜라겐,성분,2019-09-02,64.17903,1.0,False
콜라겐,성분,2019-10-07,71.60639,1.0,False
콜라겐,성분,2019-11-11,48.76955,,True
콜라겐,성분,2020-02-03,67.45142,,True
콜라겐,성분,2023-01-02,45.82956,38.0,False
콜라겐,성분,2023-03-13,76.90985,5.0,False
콜라겐,성분,2025-02-03,33.41509,34.0,False
쿠션파운데이션,제형,2016-01-04,12.03491,,True
쿠션파운데이션,제형,2016-02-22,28.36389,16.0,False
쿠션파운데이션,제형,2017-10-30,6.56625,19.0,False
쿠션파운데이션,제형,2018-05-14,3.97526,49.0,False
쿠션파운데이션,제형,2021-02-15,1.27516,35.0,False
쿠션파운데이션,제형,2022-01-03,1.76298,33.0,False
쿠션파운데이션,제형,2023-02-06,1.14251,21.0,False
쿠션파운데이션,제형,2024-02-12,0.54344,,True
쿠션파운데이션,제형,2024-12-02,0.75311,14.0,False
쿠션파운데이션,제형,2025-06-30,0.43432,,True
쿠션파운데이션,제형,2025-07-28,0.34018,51.0,False
쿠션파운데이션,제형,2026-01-05,0.48567,20.0,False
쿠션파운데이션,제형,2026-07-27,0.23534,,True
쿠션파운데이션,제형,2026-08-31,0.41079,,True
쿨링 효과,효능,2016-01-18,0.23873,1.0,False
쿨링 효과,효능,2016-02-01,0.16413,28.0,False
쿨링 효과,효능,2016-02-15,0.20889,4.0,False
쿨링 효과,효능,2016-03-21,0.56699,2.0,False
쿨링 효과,효능,2016-04-18,0.22381,1.0,False
쿨링 효과,효능,2016-05-02,0.32826,8.0,False
쿨링 효과,효능,2016-06-06,0.68636,1.0,False
쿨링 효과,효능,2016-06-20,0.70128,1.0,False
쿨링 효과,효능,2016-07-11,0.88033,3.0,False
쿨링 효과,효능,2016-10-10,0.1492,1.0,False
쿨링 효과,효능,2016-11-14,0.25365,2.0,False
쿨링 효과,효능,2016-12-26,0.10444,,True
쿨링 효과,효능,2017-02-20,0.19397,1.0,False
쿨링 효과,효능,2017-03-13,0.1492,1.0,False
쿨링 효과,효능,2017-03-27,0.28349,1.0,False
쿨링 효과,효능,2017-04-17,0.32826,4.0,False
쿨링 효과,효능,2017-05-29,0.32826,3.0,False
쿨링 효과,효능,2017-06-26,0.19397,2.0,False
쿨링 효과,효능,2017-07-24,0.19397,3.0,False
쿨링 효과,효능,2017-08-07,0.25365,1.0,False
쿨링 효과,효능,2017-10-09,0.1492,2.0,False
쿨링 효과,효능,2018-01-15,0.23873,1.0,False
쿨링 효과,효능,2018-03-12,0.1492,7.0,False
쿨링 효과,효능,2018-04-16,0.16413,3.0,False
쿨링 효과,효능,2018-05-14,0.20889,1.0,False
쿨링 효과,효능,2018-05-28,0.10444,,True
쿨링 효과,효능,2018-07-16,0.17905,3.0,False
쿨링 효과,효능,2018-07-23,0.4327,1.0,False
쿨링 효과,효능,2018-08-13,0.11936,,True
쿨링 효과,효능,2019-07-22,0.10444,,True
쿨링 효과,효능,2019-08-12,0.10444,,True
쿨링 효과,효능,2020-04-20,0.1492,1.0,False
쿨링 효과,효능,2020-05-18,0.10444,,True
쿨링 효과,효능,2020-05-25,0.1492,1.0,False
쿨링 효과,효능,2020-06-08,0.20889,2.0,False
쿨링 효과,효능,2020-06-15,0.32826,1.0,False
쿨링 효과,효능,2020-07-06,0.11936,,True
쿨링 효과,효능,2021-01-11,0.13428,,True
쿨링 효과,효능,2021-04-26,0.19397,1.0,False
쿨링 효과,효능,2021-06-28,0.13428,,True
쿨링 효과,효능,2021-07-12,0.23873,2.0,False
쿨링 효과,효능,2023-07-10,0.10444,,True
쿨링 효과,효능,2024-06-10,0.17905,1.0,False
크루얼티프리,컨셉·클레임,2016-06-27,0.22434,1.0,False
크루얼티프리,컨셉·클레임,2016-10-17,0.0997,2.0,False
크루얼티프리,컨셉·클레임,2017-04-10,0.08309,2.0,False
크루얼티프리,컨셉·클레임,2017-08-21,0.11632,2.0,False
크루얼티프리,컨셉·클레임,2017-08-28,0.19941,1.0,False
크루얼티프리,컨셉·클레임,2017-10-09,0.17449,3.0,False
크루얼티프리,컨셉·클레임,2017-10-16,0.30743,2.0,False
크루얼티프리,컨셉·클레임,2017-10-23,0.56501,1.0,False
크루얼티프리,컨셉·클레임,2017-11-06,0.34898,6.0,False
크루얼티프리,컨셉·클레임,2017-11-20,1.01371,1.0,False
크루얼티프리,컨셉·클레임,2018-01-08,0.20772,1.0,False
크루얼티프리,컨셉·클레임,2018-02-05,0.16618,,True
크루얼티프리,컨셉·클레임,2018-03-12,0.21603,,True
크루얼티프리,컨셉·클레임,2018-03-19,0.41545,,True
크루얼티프리,컨셉·클레임,2018-04-23,1.11341,1.0,False
크루얼티프리,컨셉·클레임,2018-05-07,0.66472,1.0,False
크루얼티프리,컨셉·클레임,2018-05-21,0.47361,,True
크루얼티프리,컨셉·클레임,2018-06-04,1.17989,4.0,False
크루얼티프리,컨셉·클레임,2018-07-09,0.58163,,True
크루얼티프리,컨셉·클레임,2018-08-27,1.05525,4.0,False
크루얼티프리,컨셉·클레임,2018-10-01,0.88907,,True
크루얼티프리,컨셉·클레임,2018-11-26,1.48732,9.0,False
크루얼티프리,컨셉·클레임,2019-05-27,4.16285,4.0,False
크루얼티프리,컨셉·클레임,2019-06-17,5.54216,1.0,False
크루얼티프리,컨셉·클레임,2019-08-12,2.6506,6.0,False
크루얼티프리,컨셉·클레임,2019-10-21,2.50103,10.0,False
크루얼티프리,컨셉·클레임,2020-11-02,2.93311,,True
크루얼티프리,컨셉·클레임,2023-01-30,3.75571,2.0,False
크루얼티프리,컨셉·클레임,2023-07-03,1.99418,5.0,False
크루얼티프리,컨셉·클레임,2023-08-14,1.9194,19.0,False
크루얼티프리,컨셉·클레임,2023-10-16,2.98296,9.0,False
크루얼티프리,컨셉·클레임,2024-01-15,1.34607,27.0,False
크루얼티프리,컨셉·클레임,2024-05-06,1.94432,7.0,False
크루얼티프리,컨셉·클레임,2024-08-19,0.9223,19.0,False
크루얼티프리,컨셉·클레임,2025-02-03,0.4653,35.0,False
크루얼티프리,컨셉·클레임,2025-03-10,1.03032,20.0,False
크루얼티프리,컨셉·클레임,2025-05-12,1.5538,3.0,False
크루얼티프리,컨셉·클레임,2025-06-09,2.88325,1.0,False
크루얼티프리,컨셉·클레임,2025-10-13,0.70627,10.0,False
크루얼티프리,컨셉·클레임,2026-01-05,0.457,1.0,False
크루얼티프리,컨셉·클레임,2026-03-09,0.20772,19.0,False
크루얼티프리,컨셉·클레임,2026-03-30,0.86414,2.0,False
크루얼티프리,컨셉·클레임,2026-05-04,0.67303,8.0,False
크루얼티프리,컨셉·클레임,2026-07-06,0.70627,2.0,False
크루얼티프리,컨셉·클레임,2026-08-03,0.15787,,True
클린뷰티,컨셉·클레임,2018-10-15,0.0071,2.0,False
클린뷰티,컨셉·클레임,2018-11-19,0.00608,1.0,False
클린뷰티,컨셉·클레임,2018-12-03,0.00811,2.0,False
클린뷰티,컨셉·클레임,2019-01-21,0.01014,1.0,False
클린뷰티,컨셉·클레임,2019-02-11,0.00761,1.0,False
클린뷰티,컨셉·클레임,2019-03-04,0.00558,,True
클린뷰티,컨셉·클레임,2019-03-18,0.01014,,True
클린뷰티,컨셉·클레임,2019-04-22,0.03399,2.0,False
클린뷰티,컨셉·클레임,2019-05-13,0.03094,3.0,False
클린뷰티,컨셉·클레임,2019-08-19,0.02891,3.0,False
클린뷰티,컨셉·클레임,2019-09-16,0.04921,2.0,False
클린뷰티,컨셉·클레임,2020-01-06,0.06138,,True
클린뷰티,컨셉·클레임,2020-05-11,0.10857,,True
클린뷰티,컨셉·클레임,2020-10-05,0.17148,,True
클린뷰티,컨셉·클레임,2021-01-04,0.28614,5.0,False
클린뷰티,컨셉·클레임,2021-02-15,0.25164,50.0,False
클린뷰티,컨셉·클레임,2021-05-24,1.01773,1.0,False
클린뷰티,컨셉·클레임,2021-08-09,0.43276,1.0,False
클린뷰티,컨셉·클레임,2021-08-30,0.76558,1.0,False
클린뷰티,컨셉·클레임,2022-12-12,0.68694,1.0,False
클린뷰티,컨셉·클레임,2023-02-20,0.22526,18.0,False
클린뷰티,컨셉·클레임,2023-06-12,0.27345,1.0,False
클린뷰티,컨셉·클레임,2023-09-04,0.2212,3.0,False
클린뷰티,컨셉·클레임,2023-09-11,0.47994,1.0,False
클린뷰티,컨셉·클레임,2024-11-25,0.22018,1.0,False
클린뷰티,컨셉·클레임,2025-01-06,0.09791,3.0,False
클린뷰티,컨셉·클레임,2025-02-03,0.09436,24.0,False
클린뷰티,컨셉·클레임,2025-03-17,0.15474,6.0,False
클린뷰티,컨셉·클레임,2025-05-12,0.14256,3.0,False
클린뷰티,컨셉·클레임,2025-08-18,0.05631,7.0,False
클린뷰티,컨셉·클레임,2025-09-08,0.10654,3.0,False
클린뷰티,컨셉·클레임,2025-10-13,0.07001,10.0,False
클린뷰티,컨셉·클레임,2026-05-11,0.06341,5.0,False
클린뷰티,컨셉·클레임,2026-09-14,0.01927,1.0,False
타우린 화장품,성분,2023-10-02,0.11936,,True
토너패드,제형,2016-02-01,0.0813,1.0,False
토너패드,제형,2016-03-07,0.02567,9.0,False
토너패드,제형,2016-05-30,0.05776,1.0,False
토너패드,제형,2016-07-04,0.02995,22.0,False
토너패드,제형,2016-07-11,0.05134,3.0,False
토너패드,제형,2016-08-08,0.06204,9.0,False
토너패드,제형,2016-10-17,0.06846,7.0,False
토너패드,제형,2016-10-31,0.092,5.0,False
토너패드,제형,2016-11-14,0.0813,3.0,False
토너패드,제형,2016-12-12,0.02353,,True
토너패드,제형,2016-12-26,0.04493,,True
토너패드,제형,2017-01-02,0.0706,,True
토너패드,제형,2017-01-09,0.10911,,True
토너패드,제형,2017-02-06,0.19897,,True
토너패드,제형,2017-04-10,0.32734,,True
토너패드,제형,2017-05-01,0.2546,,True
토너패드,제형,2017-05-22,0.31451,,True
토너패드,제형,2017-06-12,0.86651,2.0,False
토너패드,제형,2017-07-31,0.276,,True
토너패드,제형,2017-08-21,0.40009,,True
토너패드,제형,2017-10-09,0.32521,,True
토너패드,제형,2017-11-06,0.54558,,True
토너패드,제형,2018-01-01,0.52204,,True
토너패드,제형,2018-03-19,1.3586,,True
토너패드,제형,2018-06-18,1.32009,,True
토너패드,제형,2018-10-08,2.01544,,True
토너패드,제형,2018-12-31,2.27647,,True
토너패드,제형,2019-05-06,4.20205,,True
토너패드,제형,2020-04-13,7.60178,,True
토너패드,제형,2020-04-20,10.84747,2.0,False
토너패드,제형,2022-03-28,9.399,,True
토너패드,제형,2024-02-12,8.55602,,True
토너패드,제형,2026-01-05,4.70057,,True
톤업,효능,2016-01-25,1.55302,,True
톤업,효능,2016-02-22,2.2186,,True
톤업,효능,2016-03-07,2.83981,,True
톤업,효능,2016-04-11,3.54977,,True
톤업,효능,2016-05-02,4.06744,,True
톤업,효능,2016-06-20,4.48158,,True
톤업,효능,2016-07-11,4.18577,,True
톤업,효능,2017-01-30,6.03461,,True
톤업,효능,2017-08-14,8.85963,8.0,False
톤업,효능,2018-05-28,9.03712,8.0,False
톤업,효능,2018-10-01,4.33367,,True
톤업,효능,2019-10-21,5.99023,,True
톤업,효능,2021-12-27,7.61721,,True
톤업,효능,2023-10-16,5.35423,10.0,False
톤업,효능,2024-01-01,4.1266,,True
톤업,효능,2024-02-12,5.65005,,True
톤업,효능,2026-08-31,2.49963,,True
트레할로스,성분,2016-01-04,1.27086,,True
트레할로스,성분,2016-09-19,1.55474,,True
트레할로스,성분,2017-05-08,1.40882,,True
트레할로스,성분,2017-08-21,2.24722,6.0,False
트레할로스,성분,2017-10-09,1.91292,,True
트레할로스,성분,2018-01-01,11.75081,1.0,False
트레할로스,성분,2019-02-11,1.87843,,True
트레할로스,성분,2019-06-03,4.76506,2.0,False
트레할로스,성분,2019-09-16,1.71659,,True
트레할로스,성분,2020-01-06,5.30895,1.0,False
트레할로스,성분,2020-01-27,1.79087,,True
트레할로스,성분,2020-02-03,3.50746,25.0,False
트레할로스,성분,2020-10-05,2.07211,50.0,False
트레할로스,성분,2021-02-01,2.87336,25.0,False
트레할로스,성분,2021-09-27,1.44862,,True
트레할로스,성분,2022-02-07,1.70332,,True
트레할로스,성분,2023-03-06,1.63964,,True
트레할로스,성분,2024-04-01,6.26144,2.0,False
트레할로스,성분,2024-06-10,2.60274,14.0,False
트레할로스,성분,2024-07-08,2.29763,29.0,False
트레할로스,성분,2024-07-15,3.97707,1.0,False
트레할로스,성분,2024-11-25,6.76023,2.0,False
트레할로스,성분,2025-01-06,1.75638,,True
트레할로스,성분,2025-02-03,1.67148,,True
트레할로스,성분,2025-04-07,2.24987,8.0,False
트레할로스,성분,2025-10-13,2.07211,,True
트레할로스,성분,2026-02-23,2.21272,,True
판테놀,성분,2016-01-04,0.31315,,True
판테놀,성분,2016-09-19,0.34997,,True
판테놀,성분,2017-10-09,0.56613,,True
판테놀,성분,2019-09-16,0.57445,,True
판테놀,성분,2020-11-02,0.91255,,True
판테놀,성분,2021-05-10,0.91096,,True
판테놀,성분,2021-06-07,0.91809,,True
판테놀,성분,2021-07-12,1.05982,,True
판테놀,성분,2022-03-07,1.23719,,True
판테놀,성분,2022-09-12,1.26411,,True
판테놀,성분,2022-10-17,1.79105,,True
판테놀,성분,2023-03-27,2.10619,11.0,False
페이셜미스트,제형,2016-01-04,0.06243,25.0,False
페이셜미스트,제형,2016-01-11,0.10107,5.0,False
페이셜미스트,제형,2016-02-22,0.08918,17.0,False
페이셜미스트,제형,2016-02-29,0.12337,1.0,False
페이셜미스트,제형,2016-04-25,0.08175,8.0,False
페이셜미스트,제형,2016-08-29,0.06094,1.0,False
페이셜미스트,제형,2016-09-19,0.04905,12.0,False
페이셜미스트,제형,2016-10-03,0.04013,10.0,False
페이셜미스트,제형,2017-01-02,0.05351,3.0,False
페이셜미스트,제형,2017-01-30,0.01635,6.0,False
페이셜미스트,제형,2017-03-06,0.05053,1.0,False
페이셜미스트,제형,2017-03-20,0.01932,4.0,False
페이셜미스트,제형,2017-04-24,0.01635,49.0,False
페이셜미스트,제형,2017-05-01,0.07134,13.0,False
페이셜미스트,제형,2017-05-08,0.15607,2.0,False
페이셜미스트,제형,2017-06-12,0.10702,7.0,False
페이셜미스트,제형,2017-06-26,0.11891,5.0,False
페이셜미스트,제형,2017-08-07,0.05945,4.0,False
페이셜미스트,제형,2017-08-28,0.08026,1.0,False
페이셜미스트,제형,2017-09-11,0.05202,26.0,False
페이셜미스트,제형,2017-10-16,0.06391,21.0,False
페이셜미스트,제형,2017-10-30,0.09215,18.0,False
페이셜미스트,제형,2017-12-11,0.09661,12.0,False
페이셜미스트,제형,2018-01-08,0.11445,8.0,False
페이셜미스트,제형,2018-01-15,0.22296,4.0,False
페이셜미스트,제형,2018-01-22,0.55146,2.0,False
페이셜미스트,제형,2018-02-19,0.15458,1.0,False
페이셜미스트,제형,2018-03-19,0.02824,2.0,False
페이셜미스트,제형,2018-04-09,0.02378,1.0,False
페이셜미스트,제형,2018-04-23,0.05202,1.0,False
페이셜미스트,제형,2018-05-21,0.03716,3.0,False
페이셜미스트,제형,2018-06-18,0.02972,1.0,False
페이셜미스트,제형,2018-07-23,0.02526,10.0,False
페이셜미스트,제형,2018-07-30,0.07283,9.0,False
페이셜미스트,제형,2018-08-06,0.14269,3.0,False
페이셜미스트,제형,2018-09-10,0.06243,3.0,False
페이셜미스트,제형,2018-09-24,0.06837,1.0,False
페이셜미스트,제형,2018-10-08,0.06837,4.0,False
페이셜미스트,제형,2018-12-03,0.03567,1.0,False
페이셜미스트,제형,2018-12-17,0.03716,12.0,False
페이셜미스트,제형,2019-01-21,0.06094,2.0,False
페이셜미스트,제형,2019-02-25,0.0758,1.0,False
페이셜미스트,제형,2019-03-25,0.02081,,True
페이셜미스트,제형,2019-04-01,0.03864,6.0,False
페이셜미스트,제형,2019-05-06,0.03121,,True
페이셜미스트,제형,2019-05-20,0.0431,,True
페이셜미스트,제형,2019-06-17,0.0431,,True
페이셜미스트,제형,2019-07-08,0.15756,1.0,False
페이셜미스트,제형,2019-08-26,0.04459,49.0,False
페이셜미스트,제형,2019-09-16,0.0654,2.0,False
페이셜미스트,제형,2019-10-07,0.34931,2.0,False
페이셜미스트,제형,2019-10-28,0.08769,30.0,False
페이셜미스트,제형,2019-11-18,0.15756,21.0,False
페이셜미스트,제형,2019-11-25,0.26012,12.0,False
페이셜미스트,제형,2019-12-02,0.63916,11.0,False
페이셜미스트,제형,2019-12-09,1.65737,2.0,False
페이셜미스트,제형,2020-05-11,0.10702,2.0,False
페이셜미스트,제형,2020-06-01,0.05945,8.0,False
페이셜미스트,제형,2020-06-08,0.09364,2.0,False
페이셜미스트,제형,2020-07-06,0.08621,3.0,False
페이셜미스트,제형,2020-08-10,0.01932,5.0,False
페이셜미스트,제형,2020-08-24,0.05945,1.0,False
페이셜미스트,제형,2020-09-21,0.04162,8.0,False
페이셜미스트,제형,2020-10-26,0.04459,3.0,False
페이셜미스트,제형,2020-11-23,0.02824,25.0,False
페이셜미스트,제형,2020-11-30,0.06391,1.0,False
페이셜미스트,제형,2020-12-14,0.0654,1.0,False
페이셜미스트,제형,2020-12-28,0.04013,3.0,False
페이셜미스트,제형,2021-01-04,0.07283,2.0,False
페이셜미스트,제형,2021-01-25,0.05351,7.0,False
페이셜미스트,제형,2021-03-08,0.04162,3.0,False
페이셜미스트,제형,2021-03-22,0.03567,1.0,False
페이셜미스트,제형,2021-04-12,0.05351,2.0,False
페이셜미스트,제형,2021-05-03,0.03418,2.0,False
페이셜미스트,제형,2021-06-07,0.03418,8.0,False
페이셜미스트,제형,2021-06-21,0.03864,6.0,False
페이셜미스트,제형,2021-06-28,0.05797,4.0,False
페이셜미스트,제형,2021-08-09,0.04459,1.0,False
페이셜미스트,제형,2021-08-23,0.01635,2.0,False
페이셜미스트,제형,2021-09-20,0.02526,3.0,False
페이셜미스트,제형,2021-10-11,0.04013,1.0,False
페이셜미스트,제형,2021-10-25,0.0327,1.0,False
페이셜미스트,제형,2021-11-08,0.02972,3.0,False
페이셜미스트,제형,2021-11-15,0.04459,2.0,False
페이셜미스트,제형,2021-12-13,0.02972,1.0,False
페이셜미스트,제형,2021-12-27,0.01635,10.0,False
페이셜미스트,제형,2022-01-03,0.03864,2.0,False
페이셜미스트,제형,2022-01-31,0.02675,2.0,False
페이셜미스트,제형,2022-02-07,0.04162,1.0,False
페이셜미스트,제형,2022-02-21,0.01783,3.0,False
페이셜미스트,제형,2022-03-21,0.02081,1.0,False
페이셜미스트,제형,2022-04-04,0.01486,2.0,False
페이셜미스트,제형,2022-04-18,0.02824,1.0,False
페이셜미스트,제형,2022-05-09,0.0104,,True
페이셜미스트,제형,2022-05-16,0.01486,3.0,False
페이셜미스트,제형,2022-05-30,0.03418,1.0,False
페이셜미스트,제형,2022-08-22,0.02229,2.0,False
페이셜미스트,제형,2022-10-03,0.0104,,True
페이셜미스트,제형,2022-10-10,0.02675,2.0,False
페이셜미스트,제형,2022-11-07,0.01635,8.0,False
페이셜미스트,제형,2022-11-14,0.03418,1.0,False
페이셜미스트,제형,2022-12-05,0.01932,4.0,False
페이셜미스트,제형,2022-12-19,0.04607,1.0,False
페이셜미스트,제형,2023-01-23,0.01486,3.0,False
페이셜미스트,제형,2023-03-20,0.02229,3.0,False
페이셜미스트,제형,2023-06-12,0.01932,3.0,False
페이셜미스트,제형,2023-07-03,0.02972,1.0,False
페이셜미스트,제형,2023-09-25,0.17391,1.0,False
페이셜미스트,제형,2023-11-06,0.0104,,True
페이셜미스트,제형,2023-11-13,0.01783,7.0,False
페이셜미스트,제형,2023-11-20,0.0327,1.0,False
페이셜미스트,제형,2023-12-11,0.02526,3.0,False
페이셜미스트,제형,2024-01-08,0.02229,1.0,False
페이셜미스트,제형,2024-01-22,0.0327,1.0,False
페이셜미스트,제형,2024-02-12,0.01932,1.0,False
페이셜미스트,제형,2024-02-26,0.01189,,True
페이셜미스트,제형,2024-03-04,0.02675,2.0,False
페이셜미스트,제형,2024-04-15,0.01189,,True
페이셜미스트,제형,2024-04-22,0.02229,1.0,False
페이셜미스트,제형,2024-05-06,0.01932,3.0,False
페이셜미스트,제형,2024-08-05,0.01486,1.0,False
페이셜미스트,제형,2024-08-26,0.02526,1.0,False
페이셜미스트,제형,2024-09-16,0.01189,,True
페이셜미스트,제형,2024-10-07,0.04162,3.0,False
페이셜미스트,제형,2024-11-11,0.8547,3.0,False
페이셜미스트,제형,2025-01-13,0.04162,1.0,False
페이셜미스트,제형,2025-01-27,0.04756,2.0,False
페이셜미스트,제형,2025-03-17,0.01783,1.0,False
페이셜미스트,제형,2025-04-28,0.01635,1.0,False
페이셜미스트,제형,2025-05-26,0.01635,3.0,False
페이셜미스트,제형,2025-06-30,0.01783,1.0,False
페이셜미스트,제형,2025-07-21,0.0104,,True
페이셜미스트,제형,2025-07-28,0.02229,1.0,False
페이셜미스트,제형,2025-10-06,0.01635,1.0,False
페이셜미스트,제형,2025-10-27,0.04459,2.0,False
페이셜미스트,제형,2025-11-24,0.01486,8.0,False
페이셜미스트,제형,2025-12-01,0.02824,1.0,False
페이셜미스트,제형,2025-12-22,0.02675,5.0,False
페이셜미스트,제형,2026-01-19,0.03121,1.0,False
페이셜미스트,제형,2026-03-02,0.02229,4.0,False
페이셜미스트,제형,2026-03-16,0.01635,2.0,False
페이셜미스트,제형,2026-06-29,0.0104,,True
페이스오일,제형,2016-01-04,23.7696,13.0,False
페이스오일,제형,2016-04-11,14.36194,8.0,False
페이스오일,제형,2016-08-22,77.24266,1.0,False
페이스오일,제형,2016-09-19,14.56112,28.0,False
페이스오일,제형,2016-10-10,21.57562,20.0,False
페이스오일,제형,2016-10-31,26.07357,12.0,False
페이스오일,제형,2017-02-13,27.12597,1.0,False
페이스오일,제형,2017-08-21,5.82534,,True
페이스오일,제형,2017-10-09,11.56298,33.0,False
페이스오일,제형,2018-01-29,100.0,1.0,False
페이스오일,제형,2018-03-26,35.95837,1.0,False
페이스오일,제형,2018-08-27,7.04719,35.0,False
페이스오일,제형,2018-09-10,8.46228,32.0,False
페이스오일,제형,2018-10-29,64.08175,2.0,False
페이스오일,제형,2019-07-29,2.85841,49.0,False
페이스오일,제형,2019-08-05,4.14269,43.0,False
페이스오일,제형,2019-08-26,3.39056,41.0,False
페이스오일,제형,2019-09-16,4.28836,35.0,False
페이스오일,제형,2019-10-07,6.00074,29.0,False
페이스오일,제형,2019-11-11,13.25306,10.0,False
페이스오일,제형,2019-12-02,18.85693,3.0,False
페이스오일,제형,2020-08-31,3.42623,39.0,False
페이스오일,제형,2020-10-05,6.28316,22.0,False
페이스오일,제형,2020-11-30,8.81902,8.0,False
페이스오일,제형,2021-10-11,3.71014,32.0,False
페이스오일,제형,2021-10-18,6.81085,30.0,False
페이스오일,제형,2021-12-27,6.73504,20.0,False
페이스오일,제형,2022-08-15,3.21516,39.0,False
페이스오일,제형,2022-09-19,3.62244,33.0,False
페이스오일,제형,2022-10-10,4.58268,27.0,False
페이스오일,제형,2022-10-24,7.2761,11.0,False
페이스오일,제형,2023-10-02,4.0327,20.0,False
페이스오일,제형,2023-11-06,4.31809,15.0,False
페이스오일,제형,2023-11-13,5.96952,12.0,False
페이스오일,제형,2023-12-18,5.89074,7.0,False
페이스오일,제형,2024-09-23,2.02749,35.0,False
페이스오일,제형,2024-09-30,3.08732,32.0,False
페이스오일,제형,2024-11-04,3.96878,24.0,False
페이스오일,제형,2024-11-18,4.6674,15.0,False
페이스오일,제형,2024-11-25,9.18617,5.0,False
페이스오일,제형,2025-04-28,2.62653,4.0,False
페이스오일,제형,2025-10-20,2.77666,22.0,False
페이스오일,제형,2026-09-07,1.25157,,True
펩타이드,성분,2016-01-04,0.52932,,True
펩타이드,성분,2016-05-16,0.95451,,True
펩타이드,성분,2016-05-23,1.38921,16.0,False
펩타이드,성분,2016-09-19,0.99767,,True
펩타이드,성분,2017-10-09,0.92363,,True
펩타이드,성분,2017-11-06,1.3805,,True
펩타이드,성분,2018-03-19,1.50403,,True
펩타이드,성분,2019-01-07,1.48819,,True
펩타이드,성분,2019-09-02,36.45105,1.0,False
펩타이드,성분,2020-10-05,1.14019,,True
펩타이드,성분,2021-02-15,1.26609,,True
펩타이드,성분,2021-09-20,1.17622,,True
펩타이드,성분,2024-08-26,1.1006,,True
펩타이드,성분,2024-09-23,0.98737,,True
펩타이드,성분,2025-05-12,1.17978,20.0,False
펩타이드,성분,2025-11-24,1.36704,3.0,False
펩타이드,성분,2026-05-25,1.65328,2.0,False
펩타이드,성분,2026-06-29,0.8397,,True
펩타이드,성분,2026-07-20,0.93591,,True
펩타이드,성분,2026-09-14,1.56064,,True
피부과테스트,컨셉·클레임,2016-01-25,1.31004,6.0,False
피부과테스트,컨셉·클레임,2016-04-11,1.52838,1.0,False
피부과테스트,컨셉·클레임,2016-05-16,1.0917,2.0,False
피부과테스트,컨셉·클레임,2016-09-05,0.7278,3.0,False
피부과테스트,컨셉·클레임,2018-09-24,0.7278,1.0,False
피부과테스트,컨셉·클레임,2019-03-11,0.7278,1.0,False
피부광채,효능,2016-01-04,0.27521,5.0,False
피부광채,효능,2016-02-01,0.44274,1.0,False
피부광채,효능,2016-02-22,0.22735,2.0,False
피부광채,효능,2016-03-14,0.46667,1.0,False
피부광채,효능,2016-05-02,0.19145,3.0,False
피부광채,효능,2016-06-06,0.16752,1.0,False
피부광채,효능,2016-06-27,0.11966,4.0,False
피부광채,효능,2016-09-05,0.11966,10.0,False
피부광채,효능,2016-09-12,0.21538,6.0,False
피부광채,효능,2016-09-19,0.53847,5.0,False
피부광채,효능,2016-09-26,0.98121,3.0,False
피부광채,효능,2016-10-31,0.20342,2.0,False
피부광채,효능,2016-11-21,0.13162,8.0,False
피부광채,효능,2016-11-28,0.47864,7.0,False
피부광채,효능,2017-01-23,0.32308,3.0,False
피부광채,효능,2017-04-03,0.15555,4.0,False
피부광채,효능,2017-04-10,0.21538,3.0,False
피부광채,효능,2017-05-15,0.21538,1.0,False
피부광채,효능,2017-05-29,0.13162,3.0,False
피부광채,효능,2017-06-19,0.26325,1.0,False
피부광채,효능,2017-08-28,0.20342,1.0,False
피부광채,효능,2017-09-18,0.14359,1.0,False
피부광채,효능,2017-10-16,0.19145,4.0,False
피부광채,효능,2017-12-25,0.28718,12.0,False
피부광채,효능,2018-01-15,0.31111,9.0,False
피부광채,효능,2018-02-05,0.4547,6.0,False
피부광채,효능,2018-03-26,0.08376,,True
피부광채,효능,2018-04-16,0.19145,2.0,False
피부광채,효능,2018-08-13,0.15555,1.0,False
피부광채,효능,2018-09-03,0.19145,1.0,False
피부광채,효능,2018-10-22,0.26325,2.0,False
피부광채,효능,2018-11-12,0.13162,2.0,False
피부광채,효능,2018-12-03,0.15555,11.0,False
피부광채,효능,2018-12-10,0.31111,2.0,False
피부광채,효능,2018-12-31,0.22735,4.0,False
피부광채,효능,2019-01-14,0.34701,2.0,False
피부광채,효능,2019-02-11,0.15555,2.0,False
피부광채,효능,2019-03-18,0.15555,2.0,False
피부광채,효능,2019-04-08,0.14359,2.0,False
피부광채,효능,2019-05-06,0.11966,2.0,False
피부광채,효능,2019-06-10,0.11966,1.0,False
피부광채,효능,2019-08-12,0.09572,,True
피부광채,효능,2019-08-26,0.13162,2.0,False
피부광채,효능,2019-09-23,0.11966,15.0,False
피부광채,효능,2019-10-07,0.17949,2.0,False
피부광채,효능,2019-11-04,0.14359,10.0,False
피부광채,효능,2019-12-02,0.55043,1.0,False
피부광채,효능,2019-12-16,0.21538,2.0,False
피부광채,효능,2019-12-23,0.32308,1.0,False
피부광채,효능,2020-01-06,0.31111,1.0,False
피부광채,효능,2020-01-20,0.25128,5.0,False
피부광채,효능,2020-01-27,0.37094,4.0,False
피부광채,효능,2020-03-02,0.11966,16.0,False
피부광채,효능,2020-03-23,0.31111,4.0,False
피부광채,효능,2020-05-04,0.19145,2.0,False
피부광채,효능,2020-07-13,0.10769,,True
피부광채,효능,2020-09-28,0.09572,,True
피부광채,효능,2020-10-05,0.17949,4.0,False
피부광채,효능,2020-10-12,0.37094,1.0,False
피부광채,효능,2020-11-23,0.17949,1.0,False
피부광채,효능,2020-12-07,0.13162,4.0,False
피부광채,효능,2020-12-14,0.21538,3.0,False
피부광채,효능,2020-12-28,0.46667,1.0,False
피부광채,효능,2021-01-11,0.31111,1.0,False
피부광채,효능,2021-02-08,0.17949,2.0,False
피부광채,효능,2021-03-22,0.13162,4.0,False
피부광채,효능,2021-04-19,0.21538,2.0,False
피부광채,효능,2021-05-17,0.13162,1.0,False
피부광채,효능,2021-05-31,0.11966,5.0,False
피부광채,효능,2021-07-19,0.13162,3.0,False
피부광채,효능,2021-09-20,0.31111,1.0,False
피부광채,효능,2021-10-18,0.11966,22.0,False
피부광채,효능,2021-11-01,0.20342,8.0,False
피부광채,효능,2021-11-22,0.21538,5.0,False
피부광채,효능,2022-01-03,0.21538,11.0,False
피부광채,효능,2022-01-10,0.37094,1.0,False
피부광채,효능,2022-01-31,0.4547,1.0,False
피부광채,효능,2022-02-14,0.25128,5.0,False
피부광채,효능,2022-03-14,0.20342,1.0,False
피부광채,효능,2022-04-04,0.27521,3.0,False
피부광채,효능,2022-05-02,0.19145,2.0,False
피부광채,효능,2022-05-09,0.26325,1.0,False
피부광채,효능,2022-05-23,0.10769,,True
피부광채,효능,2022-06-06,0.14359,3.0,False
피부광채,효능,2022-06-13,0.21538,2.0,False
피부광채,효능,2022-07-11,0.13162,3.0,False
피부광채,효능,2022-07-25,0.11966,1.0,False
피부광채,효능,2022-09-05,0.19145,3.0,False
피부광채,효능,2022-10-03,0.13162,23.0,False
피부광채,효능,2022-10-10,0.23932,1.0,False
피부광채,효능,2022-10-24,0.29915,6.0,False
피부광채,효능,2022-12-19,0.26325,13.0,False
피부광채,효능,2023-01-16,0.25128,9.0,False
피부광채,효능,2023-01-30,0.55043,5.0,False
피부광채,효능,2023-04-03,0.28718,3.0,False
피부광채,효능,2023-05-22,0.16752,6.0,False
피부광채,효능,2023-05-29,0.39487,1.0,False
피부광채,효능,2023-06-19,0.27521,1.0,False
피부광채,효능,2023-08-07,0.19145,3.0,False
피부광채,효능,2023-11-06,0.32308,1.0,False
피부광채,효능,2023-11-20,0.23932,4.0,False
피부광채,효능,2024-01-01,0.22735,34.0,False
피부광채,효능,2024-01-08,0.35898,28.0,False
피부광채,효능,2024-01-22,0.81368,11.0,False
피부광채,효능,2024-02-12,1.11283,8.0,False
피부광채,효능,2024-04-15,0.5983,8.0,False
피부광채,효능,2024-05-13,0.5983,4.0,False
피부광채,효능,2024-05-27,0.68206,2.0,False
피부광채,효능,2024-06-17,0.4906,5.0,False
피부광채,효능,2024-07-15,0.46667,1.0,False
피부광채,효능,2024-08-12,0.21538,3.0,False
피부광채,효능,2024-09-02,0.21538,1.0,False
피부광채,효능,2024-09-30,0.28718,2.0,False
피부광채,효능,2024-10-21,0.19145,1.0,False
피부광채,효능,2024-11-04,0.23932,25.0,False
피부광채,효능,2024-11-11,0.38291,1.0,False
피부광채,효능,2024-11-25,0.25128,22.0,False
피부광채,효능,2024-12-16,0.34701,6.0,False
피부광채,효능,2025-01-13,0.44274,2.0,False
피부광채,효능,2025-02-03,0.27521,12.0,False
피부광채,효능,2025-02-10,0.47864,10.0,False
피부광채,효능,2025-02-17,0.68206,9.0,False
피부광채,효능,2025-03-17,0.61026,5.0,False
피부광채,효능,2025-05-05,0.23932,3.0,False
피부광채,효능,2025-05-12,0.33504,2.0,False
피부광채,효능,2025-06-02,0.14359,6.0,False
피부광채,효능,2025-06-16,0.29915,3.0,False
피부광채,효능,2025-07-21,0.19145,1.0,False
피부광채,효능,2025-11-24,0.23932,2.0,False
피부광채,효능,2026-01-05,0.51453,1.0,False
피부광채,효능,2026-01-19,0.37094,2.0,False
피부광채,효능,2026-09-14,0.09572,,True
피부장벽,효능,2016-01-04,5.95708,,True
피부장벽,효능,2016-03-21,8.72388,,True
피부장벽,효능,2016-09-19,7.34048,,True
피부장벽,효능,2016-10-31,11.71654,,True
피부장벽,효능,2018-02-19,15.64088,,True
피부장벽,효능,2018-05-14,31.73348,10.0,False
피부장벽,효능,2018-07-30,17.05251,,True
피부장벽,효능,2018-09-24,18.32298,,True
피부장벽,효능,2018-10-08,24.47769,38.0,False
피부장벽,효능,2019-09-16,16.62902,,True
피부장벽,효능,2019-12-23,20.27103,,True
피부장벽,효능,2020-02-24,27.75268,25.0,False
피부장벽,효능,2020-04-20,31.08413,16.0,False
피부장벽,효능,2020-08-24,17.67363,,True
피부장벽,효능,2021-08-02,18.49237,,True
피부장벽,효능,2024-09-23,17.3913,,True
피부재생,효능,2016-01-04,4.05157,42.0,False
피부재생,효능,2016-02-08,4.87762,26.0,False
피부재생,효능,2016-02-22,5.19449,19.0,False
피부재생,효능,2016-03-21,5.98776,9.0,False
피부재생,효능,2016-03-28,11.89903,1.0,False
피부재생,효능,2018-05-14,2.22465,,True
피부재생,효능,2018-09-17,2.32736,41.0,False
피부재생,효능,2018-11-19,4.51267,6.0,False
피부재생,효능,2019-05-06,1.82036,,True
피부재생,효능,2019-11-04,2.0826,34.0,False
피부재생,효능,2024-03-04,1.10795,,True
피부재생,효능,2024-09-23,1.13199,43.0,False
피부재생,효능,2025-10-27,0.62718,35.0,False
피부재생,효능,2026-01-05,0.79108,8.0,False
피부재생,효능,2026-03-16,0.72115,10.0,False
피부진정,효능,2016-01-04,8.69693,,True
피부진정,효능,2016-07-04,17.57136,,True
피부진정,효능,2016-10-03,16.96494,,True
피부진정,효능,2017-05-15,17.14243,25.0,False
피부진정,효능,2017-12-04,10.39787,,True
피부진정,효능,2018-02-19,12.17275,,True
피부진정,효능,2018-07-23,20.08578,11.0,False
피부진정,효능,2018-10-15,13.01582,,True
피부진정,효능,2018-11-26,23.0735,2.0,False
피부진정,효능,2019-11-25,17.1868,5.0,False
피부진정,효능,2021-07-12,12.46856,17.0,False
피부진정,효능,2022-01-31,7.80949,,True
피부진정,효능,2022-06-20,10.38307,21.0,False
피부진정,효능,2023-07-31,14.15471,3.0,False
피부진정,효능,2024-06-10,8.06093,24.0,False
피부진정,효능,2024-07-29,11.21135,6.0,False
피부진정,효능,2026-01-05,3.52018,26.0,False
피부진정,효능,2026-03-16,4.23014,7.0,False
피부진정,효능,2026-05-11,2.94335,15.0,False
피부진정,효능,2026-07-13,2.47004,10.0,False
피부탄력,효능,2016-01-04,36.23387,10.0,False
피부탄력,효능,2016-05-02,12.52666,,True
피부탄력,효능,2016-11-14,20.27837,13.0,False
피부탄력,효능,2016-12-26,25.35812,4.0,False
피부탄력,효능,2017-03-06,16.6565,,True
피부탄력,효능,2017-10-09,29.19841,22.0,False
피부탄력,효능,2018-02-19,41.76572,3.0,False
피부탄력,효능,2018-03-19,17.85532,22.0,False
피부탄력,효능,2018-07-16,16.45839,8.0,False
피부탄력,효능,2022-01-24,5.16102,,True
피부탄력,효능,2025-08-18,2.34684,,True
피부탄력,효능,2026-01-05,2.44336,,True
피부트러블,효능,2016-01-04,48.21771,27.0,False
피부트러블,효능,2016-02-08,85.77133,3.0,False
피부트러블,효능,2016-03-07,59.44386,16.0,False
피부트러블,효능,2016-03-28,100.0,8.0,False
피부트러블,효능,2016-08-29,40.40822,,True
피부트러블,효능,2019-06-03,26.19434,,True
피부트러블,효능,2022-11-07,22.40792,7.0,False
피부트러블,효능,2022-12-05,19.84913,51.0,False
피부트러블,효능,2023-01-23,20.30764,43.0,False
피부트러블,효능,2026-05-11,13.00103,13.0,False
피지조절,효능,2016-01-04,0.92875,,True
피지조절,효능,2016-02-08,1.0555,,True
피지조절,효능,2016-03-14,1.40515,41.0,False
피지조절,효능,2016-05-30,1.82255,16.0,False
피지조절,효능,2016-09-05,1.33959,23.0,False
피지조절,효능,2016-12-19,0.98339,,True
피지조절,효능,2017-05-08,1.28496,29.0,False
피지조절,효능,2017-12-11,1.88811,2.0,False
피지조절,효능,2018-01-15,1.06861,41.0,False
피지조절,효능,2018-02-12,1.45104,30.0,False
피지조절,효능,2018-04-23,1.0555,27.0,False
피지조절,효능,2018-06-25,2.02578,9.0,False
피지조절,효능,2018-09-24,0.96372,6.0,False
피지조절,효능,2018-11-26,0.87412,1.0,False
피지조절,효능,2018-12-17,0.70148,,True
피지조절,효능,2019-01-07,1.48382,2.0,False
피지조절,효능,2019-12-16,0.90034,1.0,False
피지조절,효능,2020-01-13,0.60314,40.0,False
피지조절,효능,2020-01-27,0.51791,,True
피지조절,효능,2020-10-26,0.38243,,True
피지조절,효능,2020-12-28,0.39117,,True
피지조절,효능,2021-02-15,0.41739,42.0,False
피지조절,효능,2022-01-03,0.31468,,True
피지조절,효능,2022-03-14,0.41958,,True
피지조절,효능,2022-09-12,0.57473,6.0,False
피지조절,효능,2023-01-23,0.32561,,True
피지조절,효능,2023-04-10,0.45891,31.0,False
피지조절,효능,2024-07-01,0.58129,17.0,False
피지조절,효능,2025-05-12,0.33872,23.0,False
피지조절,효능,2025-11-03,0.19667,7.0,False
피지조절,효능,2026-01-12,0.07648,,True
피지조절,효능,2026-01-19,0.12019,1.0,False
피지조절,효능,2026-02-16,0.11582,11.0,False
피지조절,효능,2026-05-11,0.10926,17.0,False
피지조절,효능,2026-05-25,0.1333,15.0,False
피지조절,효능,2026-07-20,0.14423,5.0,False
항산화,효능,2016-01-04,71.08977,,True
항산화,효능,2016-09-19,83.62507,,True
항산화,효능,2017-10-09,66.06437,,True
항산화,효능,2019-09-16,71.82382,,True
항산화,효능,2020-01-27,63.89045,,True
항산화,효능,2021-02-15,62.50705,,True
항산화,효능,2025-02-03,44.43817,,True
항산화,효능,2025-10-13,46.52738,39.0,False
히알루론산,성분,2016-01-04,1.77759,,True
히알루론산,성분,2016-02-22,3.84103,11.0,False
히알루론산,성분,2016-03-07,5.40484,8.0,False
히알루론산,성분,2016-06-27,2.24199,,True
히알루론산,성분,2016-11-28,8.01106,1.0,False
히알루론산,성분,2017-09-04,100.0,1.0,False
히알루론산,성분,2017-10-30,14.95953,3.0,False
히알루론산,성분,2018-03-26,8.27711,10.0,False
히알루론산,성분,2018-04-23,7.1674,13.0,False
히알루론산,성분,2018-09-10,10.48862,1.0,False
히알루론산,성분,2019-06-17,89.71803,1.0,False
히알루론산,성분,2019-07-01,65.91366,2.0,False
히알루론산,성분,2019-08-12,8.2882,3.0,False
히알루론산,성분,2019-10-07,8.97944,39.0,False
히알루론산,성분,2019-10-21,19.10344,1.0,False
히알루론산,성분,2020-06-08,7.61477,10.0,False
히알루론산,성분,2020-07-27,6.36926,,True
히알루론산,성분,2020-08-31,6.26949,,True
히알루론산,성분,2020-11-30,8.16705,10.0,False
히알루론산,성분,2023-10-02,3.50531,,True
히알루론산,성분,2023-10-16,5.64714,38.0,False
히알루론산,성분,2023-11-27,5.57112,32.0,False
히알루론산,성분,2023-12-25,6.84395,18.0,False
히알루론산,성분,2024-01-15,5.46977,25.0,False
히알루론산,성분,2024-03-04,7.67296,7.0,False
히알루론산,성분,2024-05-06,5.34942,9.0,False
히알루론산,성분,2024-06-17,5.03705,3.0,False
히알루론산,성분,2024-08-05,4.68707,,True
히알루론산,성분,2024-09-30,4.33353,,True
히알루론산,성분,2024-12-23,7.76244,3.0,False
히알루론산,성분,2025-03-10,5.12019,16.0,False
히알루론산,성분,2025-04-07,4.53228,,True
히알루론산,성분,2025-05-05,4.51842,,True
히알루론산,성분,2025-05-26,4.12964,,True
히알루론산,성분,2025-08-11,4.26346,52.0,False
히알루론산,성분,2025-09-01,3.84064,,True
히알루론산,성분,2025-12-22,4.87909,27.0,False
히알루론산,성분,2026-01-26,4.68509,22.0,False
히알루론산,성분,2026-02-02,6.45755,5.0,False
히알루론산,성분,2026-03-02,5.21362,17.0,False
히알루론산,성분,2026-04-13,3.66644,,True
히알루론산,성분,2026-07-13,3.80025,,True
히알루론산,성분,2026-08-17,3.02389,,True
