keyword,category,breakout_period,sustained,pred_proba
PDRN,성분,2023-01-30,True,0.5897650265261661
PDRN,성분,2023-03-06,True,0.6680634134795924
PDRN,성분,2023-05-08,False,0.6165018510265009
PDRN,성분,2024-01-01,True,0.667420801156013
PDRN,성분,2025-04-21,True,0.5671710403566178
PDRN,성분,2025-06-23,False,0.5004053989494528
PDRN,성분,2025-10-20,True,0.5485509889833834
PDRN,성분,2025-11-10,False,0.5303417855429565
PDRN,성분,2026-03-23,False,0.520249799877879
PDRN,성분,2026-06-29,True,0.4872399855253697
PDRN,성분,2026-08-31,True,0.5252362233881988
감초추출물,성분,2023-05-08,True,0.6807869768770246
감초추출물,성분,2023-08-07,True,0.5332414526684058
감초추출물,성분,2023-11-27,False,0.7304007339707501
감초추출물,성분,2024-03-04,True,0.6162406263732121
감초추출물,성분,2024-05-06,False,0.5993409239618049
감초추출물,성분,2024-09-23,False,0.8415220232892802
감초추출물,성분,2025-05-05,True,0.7897074880537185
감초추출물,성분,2026-01-05,False,0.7320515591828665
감초추출물,성분,2026-03-09,True,0.8330738280056118
감초추출물,성분,2026-06-08,False,0.832413286051507
감초추출물,성분,2026-08-31,False,0.9205382403175135
감초추출물,성분,2026-09-21,True,0.7004967640625128
나이아신아마이드,성분,2023-03-20,True,0.5954157930528474
나이아신아마이드,성분,2025-06-16,True,0.5162644753569264
나이아신아마이드,성분,2026-06-29,False,0.5360755786366382
나이아신아마이드,성분,2026-08-31,True,0.4786091618577397
더마코스메틱,컨셉·클레임,2023-07-03,True,0.6952290722204354
더마코스메틱,컨셉·클레임,2023-07-24,False,0.5264691540491826
더마코스메틱,컨셉·클레임,2024-08-19,True,0.6843662168823953
더마코스메틱,컨셉·클레임,2024-09-23,False,0.6450885548077118
더마코스메틱,컨셉·클레임,2025-02-03,True,0.798951512066106
더마코스메틱,컨셉·클레임,2025-06-30,True,0.5943835959772114
더마코스메틱,컨셉·클레임,2026-06-15,False,0.7650562780177825
레티놀,성분,2023-01-02,True,0.7278469777518297
레티놀,성분,2024-09-23,True,0.5653763636660588
레티놀,성분,2024-10-14,True,0.47777701153380014
레티놀,성분,2024-12-30,True,0.6516147717479249
로션,제형,2023-10-02,True,0.8557165362432161
로션,제형,2025-08-25,True,0.8270824457862529
리프팅,효능,2023-08-14,True,0.8234011808994434
리프팅,효능,2025-12-29,True,0.8514056422819571
립밤,제형,2023-03-27,True,0.7769458802081929
립밤,제형,2023-10-02,True,0.9181595112253751
립밤,제형,2023-11-06,True,0.7389773557467197
립밤,제형,2023-12-18,False,0.7448925365584553
립밤,제형,2024-09-23,True,0.9326831709303577
립밤,제형,2024-11-04,True,0.8584346325940226
립밤,제형,2024-11-18,True,0.8755483498600064
립밤,제형,2025-08-18,True,0.8103169910247698
립밤,제형,2025-09-22,False,0.3657494892809192
립밤,제형,2025-11-17,True,0.43414408310233815
립밤,제형,2026-09-21,True,0.7040796751811342
마스크팩,제형,2023-01-09,True,0.6320449140433375
마스크팩,제형,2023-03-13,True,0.5984604602705389
마스크팩,제형,2023-10-02,True,0.904976310759999
마스크팩,제형,2024-04-08,True,0.9084802060661076
마스크팩,제형,2025-03-24,True,0.9004748610424981
모공수렴,효능,2023-01-09,False,0.4054165731364465
모공수렴,효능,2023-01-30,False,0.46328155092684753
모공수렴,효능,2023-02-13,True,0.5287938182828353
모공수렴,효능,2023-02-20,True,0.3078173280456302
모공수렴,효능,2023-04-10,False,0.4282619921909424
모공수렴,효능,2023-05-08,True,0.354933550535695
모공수렴,효능,2023-06-05,False,0.3545917075777461
모공수렴,효능,2023-07-10,True,0.30784680643647344
모공수렴,효능,2023-07-31,True,0.48639086973218315
모공수렴,효능,2023-10-09,False,0.4815245065553579
모공수렴,효능,2023-10-30,False,0.24928363605720855
모공수렴,효능,2023-11-13,True,0.3671416773323925
모공수렴,효능,2023-11-27,False,0.47789261687644996
모공수렴,효능,2024-01-01,True,0.4067126452957977
모공수렴,효능,2024-01-22,False,0.46024683270690986
모공수렴,효능,2024-02-12,True,0.43205321055793866
모공수렴,효능,2024-02-19,False,0.3645327468663307
모공수렴,효능,2024-03-04,False,0.6019882780273614
모공수렴,효능,2024-03-25,False,0.3194623166038435
모공수렴,효능,2024-04-15,False,0.23941331971665858
모공수렴,효능,2024-05-27,False,0.47073726728675197
모공수렴,효능,2024-06-24,True,0.5797073670579908
모공수렴,효능,2024-07-08,False,0.20187787864013793
모공수렴,효능,2024-08-12,True,0.35283430436866087
모공수렴,효능,2024-10-14,False,0.45837318651900805
모공수렴,효능,2024-12-02,False,0.46825934711495953
모공수렴,효능,2025-01-06,False,0.4099836267476486
모공수렴,효능,2025-01-27,True,0.34275311748138465
모공수렴,효능,2025-02-10,False,0.47635048497062343
모공수렴,효능,2025-03-10,True,0.31897980671456866
모공수렴,효능,2025-04-07,False,0.32788892635157224
모공수렴,효능,2025-05-12,False,0.4361718042380359
모공수렴,효능,2025-07-07,True,0.3465652219592936
모공수렴,효능,2025-07-21,False,0.48913136434602955
베타글루칸,성분,2023-01-30,True,0.6861722604163831
베타글루칸,성분,2023-03-20,True,0.47962152380306605
베타글루칸,성분,2023-04-10,True,0.6916847635452422
베타글루칸,성분,2023-08-07,True,0.7518720774521117
베타글루칸,성분,2023-09-11,True,0.3896388245460988
베타글루칸,성분,2023-10-02,True,0.5524420245971363
베타글루칸,성분,2023-10-23,False,0.7083418712309907
베타글루칸,성분,2023-11-13,False,0.3440138813063338
베타글루칸,성분,2024-07-29,True,0.6627043931155426
베타글루칸,성분,2025-02-03,True,0.681233120688312
베타글루칸,성분,2025-08-04,True,0.8504117917978344
베타글루칸,성분,2026-01-12,False,0.8016954979294604
베타글루칸,성분,2026-05-04,True,0.770640551509573
베타글루칸,성분,2026-08-03,True,0.7922855356227235
베타글루칸,성분,2026-09-14,True,0.8152527118534647
병풀추출물,성분,2023-10-02,True,0.7942031926155269
병풀추출물,성분,2024-02-26,True,0.70810197643231
병풀추출물,성분,2026-01-19,True,0.8527970194045457
병풀추출물,성분,2026-02-16,True,0.8649807534812882
병풀추출물,성분,2026-06-29,True,0.8439245652632399
보습,효능,2023-01-30,True,0.7825354897727356
보습,효능,2023-02-27,True,0.8000785451004264
보습,효능,2023-10-02,True,0.8387256549301937
보습,효능,2023-10-16,True,0.7875270751505946
보습,효능,2024-02-26,True,0.8928602242556292
보습,효능,2024-07-15,True,0.7982854330659497
보습,효능,2024-09-23,True,0.606926466538815
보습,효능,2024-10-14,True,0.7732148521446909
보습,효능,2025-01-06,True,0.7962164679318223
보습,효능,2025-10-13,True,0.8164854714905383
보습,효능,2025-11-24,False,0.5207447742621195
보습,효능,2025-12-22,True,0.4462286991350194
보습,효능,2026-06-08,False,0.8852708166000677
보습,효능,2026-07-13,True,0.5310363349482978
보습력,컨셉·클레임,2023-01-23,False,0.510035947387256
보습력,컨셉·클레임,2023-02-27,True,0.5039840236121512
보습력,컨셉·클레임,2023-04-03,False,0.5897449593313466
보습력,컨셉·클레임,2023-08-28,False,0.3230442882748396
보습력,컨셉·클레임,2023-10-02,True,0.3963815378702745
보습력,컨셉·클레임,2023-12-18,False,0.5219509263378691
보습력,컨셉·클레임,2024-10-14,False,0.7073600316212908
보습력,컨셉·클레임,2024-12-30,False,0.5397771366939911
보습력,컨셉·클레임,2025-11-03,False,0.6057462165573689
보습력,컨셉·클레임,2026-02-02,False,0.5680979188789809
브라이트닝,효능,2023-01-02,True,0.8858025538476028
브라이트닝,효능,2024-04-08,True,0.8711589048850081
브라이트닝,효능,2024-08-19,True,0.7781833309387762
브라이트닝,효능,2025-02-03,True,0.9063841095742419
브라이트닝,효능,2025-03-31,True,0.8711692827483226
브라이트닝,효능,2025-06-09,True,0.898875883806179
브라이트닝,효능,2025-10-13,True,0.8692770537417631
브라이트닝,효능,2026-02-23,True,0.9012647894267269
브라이트닝,효능,2026-04-06,True,0.5149681776449255
비건,컨셉·클레임,2023-10-02,True,0.7172370580723865
비건,컨셉·클레임,2024-08-12,False,0.7680765004563926
비타민E,성분,2023-03-13,True,0.8283232630207611
비타민E,성분,2023-05-01,True,0.6553502648180276
살리실산,성분,2023-01-09,True,0.7569009133489363
살리실산,성분,2023-11-27,True,0.7230135188901273
살리실산,성분,2024-07-01,True,0.6116449093870473
살리실산,성분,2024-09-09,True,0.6706510661895418
살리실산,성분,2026-01-05,True,0.8289937488835517
살리실산,성분,2026-07-20,True,0.7108529108347081
살리실산,성분,2026-08-17,True,0.5346390605325846
선스틱,제형,2023-01-09,True,0.7876164015331883
선스틱,제형,2023-02-13,True,0.7788179642579972
선스틱,제형,2023-02-20,True,0.7049610366146303
선스틱,제형,2023-05-15,False,0.8464154495042159
선스틱,제형,2024-01-01,True,0.7848209548097054
선스틱,제형,2024-02-12,True,0.5954743456947545
선스틱,제형,2024-04-01,True,0.5255439958803443
선스틱,제형,2024-07-15,False,0.6693411075960266
선스틱,제형,2025-06-30,False,0.8959718749995852
선스틱,제형,2025-07-21,False,0.7244466265547406
세라마이드,성분,2023-01-02,False,0.5880390266955097
세라마이드,성분,2023-02-13,True,0.492669882897578
세라마이드,성분,2023-03-27,True,0.582633448987457
세라마이드,성분,2023-10-02,True,0.8471592088117873
세라마이드,성분,2024-09-23,True,0.8349329693611923
세라마이드,성분,2025-08-04,True,0.8267289679268577
세라마이드,성분,2026-01-19,True,0.8366554768324919
세라마이드,성분,2026-03-09,False,0.8453478023657768
세라마이드,성분,2026-05-11,True,0.7749151626135481
세럼,제형,2023-01-09,False,0.4115582797159565
세럼,제형,2023-03-27,False,0.5949456717849932
세럼,제형,2023-04-24,False,0.33234245058647177
수분공급,효능,2023-01-16,False,0.300995261656288
수분공급,효능,2023-02-27,True,0.3077449161217472
수분공급,효능,2023-04-10,True,0.2344576227431991
수분공급,효능,2023-04-24,False,0.3460647781382948
수분공급,효능,2023-05-08,False,0.3157199170098058
수분공급,효능,2023-05-29,True,0.14400599963629182
수분공급,효능,2023-06-05,False,0.30299453224500567
수분공급,효능,2023-06-26,True,0.3015493733817471
수분공급,효능,2023-08-14,True,0.30048536921174057
수분공급,효능,2023-10-23,False,0.600616008269397
수분공급,효능,2023-11-06,False,0.4756971464621042
수분공급,효능,2023-11-13,False,0.366097568012245
수분공급,효능,2024-01-01,False,0.3627847801194576
수분공급,효능,2024-01-29,False,0.37378280807688447
수분공급,효능,2024-02-26,False,0.2791308005533783
수분공급,효능,2024-03-04,False,0.3340906603801104
수분공급,효능,2024-03-25,False,0.3785467767782088
수분공급,효능,2024-04-08,False,0.2247287853354386
수분공급,효능,2024-04-29,True,0.3638830214321691
수분공급,효능,2024-05-06,False,0.1529106085524017
수분공급,효능,2024-05-20,False,0.3220718381899536
수분공급,효능,2024-06-03,False,0.23009650368844248
수분공급,효능,2024-07-01,True,0.225819617152219
수분공급,효능,2024-07-22,True,0.22909140476736453
수분공급,효능,2024-07-29,False,0.2576088677621118
수분공급,효능,2024-10-14,False,0.28055094116226975
수분공급,효능,2024-10-28,False,0.31775210218428723
수분공급,효능,2024-12-02,False,0.35418110792020385
수분공급,효능,2024-12-30,True,0.4100329474760926
수분공급,효능,2025-01-13,False,0.23911802349902642
수분공급,효능,2025-02-17,False,0.26018364558801194
수분공급,효능,2025-06-30,False,0.22786000464670222
수분공급,효능,2026-01-05,False,0.3367172136065949
수분공급,효능,2026-07-27,True,0.4101263741520467
수분젤,제형,2023-10-30,True,0.8887591267085387
수분젤,제형,2024-12-30,True,0.8618652696928657
수분젤,제형,2025-04-07,True,0.9074702145496321
수분크림,제형,2023-10-02,True,0.9214974818601028
수분크림,제형,2025-10-20,True,0.9299701997885796
수분크림,제형,2025-12-29,False,0.9040594984038517
스쿠알란,성분,2023-01-02,True,0.6555502436634133
스쿠알란,성분,2023-03-06,True,0.62479055321614
스쿠알란,성분,2023-08-07,True,0.545054779924123
스쿠알란,성분,2025-06-02,True,0.5958383512947092
스쿠알란,성분,2026-06-01,True,0.7070439889681976
스쿠알란,성분,2026-08-24,True,0.6659177751167596
스쿠알렌,성분,2023-03-06,True,0.6812927695899821
스쿠알렌,성분,2023-04-17,False,0.7455407730930188
스쿠알렌,성분,2024-03-04,True,0.7664048952623679
스쿠알렌,성분,2024-03-25,True,0.691754771791057
스킨에센스,제형,2023-01-09,True,0.6586081213816687
스킨에센스,제형,2023-01-30,True,0.7002203042243027
스킨에센스,제형,2023-04-10,True,0.7987018914864873
스킨에센스,제형,2023-07-31,True,0.7726755929245683
스킨에센스,제형,2023-08-28,True,0.7792878306538275
스킨에센스,제형,2023-10-02,True,0.7889339559035707
스킨에센스,제형,2023-10-09,True,0.7310359254705014
스킨에센스,제형,2023-11-13,True,0.7544979679809507
스킨에센스,제형,2023-12-11,True,0.510736454861309
스킨에센스,제형,2024-01-22,True,0.5669143271790141
스킨에센스,제형,2024-12-02,True,0.9158159912915403
스킨에센스,제형,2024-12-30,False,0.818697645245965
스킨에센스,제형,2025-06-09,False,0.7596268215509545
스킨에센스,제형,2025-06-30,True,0.7608955030290222
스킨에센스,제형,2025-07-28,False,0.47055459918547377
스킨에센스,제형,2025-08-25,False,0.37569003666499884
스킨에센스,제형,2025-09-22,True,0.34550853562001504
스킨에센스,제형,2025-10-06,True,0.2600363131143914
스킨에센스,제형,2025-12-29,False,0.37499381635675527
스킨에센스,제형,2026-02-16,True,0.6361901241097005
스킨에센스,제형,2026-03-16,True,0.7193686919763287
스킨에센스,제형,2026-03-30,True,0.6973760697971793
스킨에센스,제형,2026-05-04,False,0.5401114350856231
스킨에센스,제형,2026-05-25,False,0.42732602420842064
스킨에센스,제형,2026-06-22,False,0.28042995873767385
스킨에센스,제형,2026-07-13,True,0.35481762387056887
스킨에센스,제형,2026-08-31,False,0.23284798455446065
스킨에센스,제형,2026-09-21,True,0.20435843625948671
스킨토너,제형,2023-01-02,True,0.7389159623257794
스킨토너,제형,2023-02-27,True,0.7689445974971768
스킨토너,제형,2023-03-27,True,0.5381111844230564
스킨토너,제형,2023-10-02,True,0.9163901027805669
스킨토너,제형,2024-02-12,True,0.899720451930668
스킨토너,제형,2025-02-03,True,0.9488290178774591
스킨토너,제형,2025-12-29,True,0.936224746753801
시어버터,성분,2023-01-16,True,0.8319647711401427
시어버터,성분,2023-02-13,True,0.6568505422975133
시어버터,성분,2023-02-27,False,0.48281301461896237
시어버터,성분,2023-04-24,True,0.48397285895002184
시어버터,성분,2023-06-12,True,0.7150558456730709
시어버터,성분,2023-10-02,True,0.8616049133279627
시어버터,성분,2024-03-04,True,0.8570764696346093
시어버터,성분,2024-03-18,True,0.796096061968477
시어버터,성분,2024-07-08,False,0.8228178632516396
시어버터,성분,2025-01-06,True,0.8524553367074321
시어버터,성분,2025-06-09,True,0.8415033956812596
시어버터,성분,2025-08-11,False,0.8204015442307754
시어버터,성분,2025-09-22,True,0.45745855810322256
시어버터,성분,2026-01-12,False,0.7580597768124019
시어버터,성분,2026-03-23,False,0.7610592192455742
시어버터,성분,2026-09-21,True,0.8601457384075833
시트팩,제형,2023-01-02,True,0.7787304063349607
시트팩,제형,2023-10-09,True,0.7798688676244424
시트팩,제형,2024-02-19,False,0.8410727281273058
시트팩,제형,2024-12-09,True,0.9048270865270689
시트팩,제형,2025-01-20,True,0.8918558047703894
시트팩,제형,2025-05-12,True,0.7298537979710877
시트팩,제형,2025-08-18,False,0.8621703503203035
시트팩,제형,2025-10-13,True,0.7491330591530079
시트팩,제형,2026-02-16,True,0.7110405794072727
아데노신,성분,2023-04-03,True,0.6395221526753498
아데노신,성분,2023-07-03,True,0.7285671724741128
아데노신,성분,2023-08-07,False,0.6860162330909868
아데노신,성분,2023-10-02,True,0.4892815482460306
아데노신,성분,2024-11-18,True,0.729499083955204
아데노신,성분,2025-02-03,True,0.6747332961259471
아데노신,성분,2025-06-09,True,0.7390324053564641
아데노신,성분,2026-02-16,True,0.6828294695231955
아데노신,성분,2026-05-11,True,0.8322397428718468
아데노신,성분,2026-05-18,False,0.727050338888928
아데노신,성분,2026-07-06,True,0.8137965270360096
아데노신,성분,2026-08-24,True,0.86626913000286
아데노신,성분,2026-09-21,True,0.4859299975511532
아미노산 성분,성분,2024-09-30,False,0.8490811953808024
아미노산 성분,성분,2025-07-28,True,0.5384292166216871
아하 성분,성분,2023-01-09,True,0.7371664791798799
아하 성분,성분,2023-01-23,True,0.6661574080860587
아하 성분,성분,2023-01-30,False,0.4671485853210348
아하 성분,성분,2023-05-29,True,0.752948193781208
아하 성분,성분,2023-06-12,True,0.6751925854209584
아하 성분,성분,2023-07-10,False,0.3876688220664039
아하 성분,성분,2023-09-04,True,0.5456997957977049
아하 성분,성분,2023-10-02,True,0.7026777074521516
아하 성분,성분,2024-01-01,True,0.7367028118283963
아하 성분,성분,2024-01-22,True,0.5988817774580695
아하 성분,성분,2024-02-12,True,0.5014764631687066
아하 성분,성분,2024-02-26,False,0.7453375117691236
아하 성분,성분,2024-03-18,True,0.7359667780787595
아하 성분,성분,2024-04-01,True,0.6229608163139765
아하 성분,성분,2024-04-22,True,0.5392634255429364
아하 성분,성분,2024-05-06,True,0.42763177799467783
아하 성분,성분,2024-07-01,True,0.6854742124290554
아하 성분,성분,2024-09-23,True,0.7887701596407156
아하 성분,성분,2024-10-14,False,0.6470923302855879
아하 성분,성분,2024-10-28,True,0.5308763725943226
아하 성분,성분,2024-12-30,True,0.875061150276171
아하 성분,성분,2025-01-06,True,0.44740720781893856
아하 성분,성분,2025-02-17,True,0.44902389150320493
아하 성분,성분,2025-06-16,True,0.7968330678524284
아하 성분,성분,2025-08-25,False,0.861634130187963
아하 성분,성분,2025-10-06,False,0.6083686948429838
아하 성분,성분,2025-11-03,False,0.5233592940137995
아하 성분,성분,2025-12-01,False,0.4322764526582007
아하 성분,성분,2025-12-15,False,0.39238990136535956
아하 성분,성분,2026-01-05,True,0.6642554072859568
아하 성분,성분,2026-01-12,False,0.5834324109131034
아하 성분,성분,2026-02-23,False,0.6589775923928206
아하 성분,성분,2026-03-09,True,0.5838002715595471
아하 성분,성분,2026-04-06,False,0.48952919299709924
아하 성분,성분,2026-04-20,False,0.30260249758852303
아하 성분,성분,2026-05-04,False,0.49055618896306125
아하 성분,성분,2026-06-01,False,0.459094140967264
아하 성분,성분,2026-06-15,True,0.3936132867967488
아하 성분,성분,2026-06-22,False,0.6098168621602966
아하 성분,성분,2026-08-17,False,0.531538286804726
아하 성분,성분,2026-08-24,False,0.5127790563315968
아하 성분,성분,2026-09-14,False,0.4430610913784694
안면홍조,효능,2023-10-02,True,0.8546948642962804
안면홍조,효능,2023-11-13,True,0.9083328567113937
알란토인,성분,2023-10-02,True,0.8564052329128763
알란토인,성분,2024-02-12,True,0.859371749470367
알란토인,성분,2024-09-23,True,0.8607863122425007
알란토인,성분,2025-09-29,False,0.7450558362573299
알란토인,성분,2026-01-12,True,0.8071563968804517
알러지테스트,컨셉·클레임,2023-11-20,True,0.438437484440736
알러지테스트,컨셉·클레임,2024-01-01,True,0.3599662173592004
알러지테스트,컨셉·클레임,2025-10-13,False,0.47261066116966727
앰플,제형,2023-03-27,False,0.867947390792468
어성초,성분,2023-07-31,True,0.6676908229643195
엑소좀,성분,2023-01-02,True,0.5300490002991662
엑소좀,성분,2025-10-13,True,0.5601757331740526
엑소좀,성분,2026-02-23,True,0.6453803142180305
영양공급,효능,2023-03-06,False,0.37816728019854906
영양공급,효능,2023-03-27,False,0.434737467562175
영양공급,효능,2023-05-15,False,0.29587232891831355
영양공급,효능,2023-07-03,False,0.3467518901870622
영양공급,효능,2023-09-18,False,0.20913238273017118
영양공급,효능,2024-05-06,True,0.25067965295021677
영양공급,효능,2024-07-15,False,0.3304738702988777
영양공급,효능,2024-07-22,False,0.17121307614925968
올인원 스킨케어,컨셉·클레임,2026-02-02,False,0.48551223510693425
올인원 스킨케어,컨셉·클레임,2026-03-09,True,0.22746814875015534
올인원 스킨케어,컨셉·클레임,2026-07-13,False,0.28128515999815284
자연유래 성분,컨셉·클레임,2023-01-02,True,0.3707630960648372
자연유래 성분,컨셉·클레임,2023-01-16,False,0.3899016817072923
자연유래 성분,컨셉·클레임,2023-03-20,True,0.4601970899496636
자연유래 성분,컨셉·클레임,2023-05-08,True,0.5226585636578476
자연유래 성분,컨셉·클레임,2023-05-29,False,0.23081794022155142
자연유래 성분,컨셉·클레임,2023-06-12,False,0.29624497489459056
자연유래 성분,컨셉·클레임,2023-06-26,True,0.3274841739457033
자연유래 성분,컨셉·클레임,2023-07-03,False,0.26985521795827283
자연유래 성분,컨셉·클레임,2023-08-07,False,0.2595587311536639
자연유래 성분,컨셉·클레임,2023-09-25,False,0.3048986390100089
자연유래 성분,컨셉·클레임,2023-10-16,True,0.2899113362371008
자연유래 성분,컨셉·클레임,2023-11-06,False,0.3730086948053671
자연유래 성분,컨셉·클레임,2023-11-27,False,0.4309441442193296
자연유래 성분,컨셉·클레임,2024-01-01,False,0.2767813227828705
자연유래 성분,컨셉·클레임,2024-01-22,True,0.48729249546917547
자연유래 성분,컨셉·클레임,2024-03-04,True,0.20251283301634707
자연유래 성분,컨셉·클레임,2024-04-01,False,0.2862515810174805
자연유래 성분,컨셉·클레임,2024-05-27,False,0.30156600508986253
자연유래 성분,컨셉·클레임,2024-06-10,False,0.455513905881894
자연유래 성분,컨셉·클레임,2024-07-29,False,0.43251781230700614
자연유래 성분,컨셉·클레임,2024-09-09,False,0.4231387220610414
자연유래 성분,컨셉·클레임,2024-10-28,False,0.3967577170204171
자연유래 성분,컨셉·클레임,2024-11-04,False,0.2687856878198028
자연유래 성분,컨셉·클레임,2024-11-25,False,0.3795713467796857
자연유래 성분,컨셉·클레임,2025-03-10,False,0.44273810752049225
자연유래 성분,컨셉·클레임,2025-03-31,False,0.27399092358305427
자연유래 성분,컨셉·클레임,2025-06-09,False,0.2413977932068812
자연유래 성분,컨셉·클레임,2026-01-05,False,0.3824096369449016
잡티,효능,2023-10-02,True,0.8851362014772799
잡티,효능,2026-01-12,True,0.8948288372879123
잡티,효능,2026-01-19,False,0.6704502899061567
잡티,효능,2026-08-24,True,0.7922625995910092
장미추출물,성분,2023-04-10,True,0.8530046084838537
장미추출물,성분,2023-05-15,False,0.7960688292024851
장미추출물,성분,2023-09-04,True,0.4235019814369448
장미추출물,성분,2024-01-22,False,0.4970425994871897
장미추출물,성분,2024-07-15,False,0.2591718795720614
장미추출물,성분,2024-08-05,False,0.2278976781313122
장미추출물,성분,2024-11-04,True,0.42076728297627497
장미추출물,성분,2024-12-23,False,0.26600275505168053
장미추출물,성분,2025-02-24,False,0.5084159910073073
장미추출물,성분,2025-03-31,False,0.6183571544693511
저자극,컨셉·클레임,2023-01-30,True,0.3456458909681692
저자극,컨셉·클레임,2023-03-13,False,0.44631104685153594
저자극,컨셉·클레임,2023-04-03,False,0.32767051871314784
저자극,컨셉·클레임,2023-06-12,False,0.3643541099378219
저자극,컨셉·클레임,2023-07-03,False,0.6271158405808706
저자극,컨셉·클레임,2023-07-17,False,0.43486074891443893
저자극,컨셉·클레임,2023-07-31,False,0.425189364192148
저자극,컨셉·클레임,2023-08-21,True,0.6102919604865666
저자극,컨셉·클레임,2023-10-09,True,0.516895633342443
저자극,컨셉·클레임,2023-12-04,False,0.44414026802783885
저자극,컨셉·클레임,2023-12-18,False,0.5604985615683301
저자극,컨셉·클레임,2024-01-01,False,0.2567685311008158
저자극,컨셉·클레임,2024-01-22,True,0.6524693547253143
저자극,컨셉·클레임,2024-03-25,False,0.35048065253830013
저자극,컨셉·클레임,2024-04-29,True,0.4486076471797615
저자극,컨셉·클레임,2024-07-01,True,0.35876136001311126
저자극,컨셉·클레임,2024-07-15,False,0.37916435656972125
저자극,컨셉·클레임,2024-09-02,False,0.4604378406009971
저자극,컨셉·클레임,2024-09-30,False,0.38797154308661286
저자극,컨셉·클레임,2024-10-28,True,0.4433434520313754
저자극,컨셉·클레임,2025-02-03,False,0.40075250706584825
저자극,컨셉·클레임,2025-03-03,False,0.24617819763177298
저자극,컨셉·클레임,2025-05-05,False,0.44745066018867263
저자극,컨셉·클레임,2025-05-19,False,0.40329970593555825
저자극,컨셉·클레임,2025-08-18,False,0.400962042299718
저자극,컨셉·클레임,2025-10-20,True,0.49560799104446246
저자극,컨셉·클레임,2025-12-29,False,0.5814700887103615
저자극,컨셉·클레임,2026-04-20,False,0.38443914536271334
저자극,컨셉·클레임,2026-09-07,True,0.46845082213635497
주름개선,효능,2023-05-08,True,0.8398311927023179
주름개선,효능,2024-07-08,True,0.8968427823430043
주름개선,효능,2025-10-06,True,0.8126768789155066
주름개선,효능,2026-01-05,True,0.9147200097306183
주름개선,효능,2026-03-16,True,0.9188305714259408
주름개선,효능,2026-08-24,True,0.8238060966783879
주름개선,효능,2026-09-07,True,0.6163136619297916
친환경 화장품,컨셉·클레임,2023-03-06,True,0.684551344986356
친환경 화장품,컨셉·클레임,2023-07-10,False,0.5594641182873759
친환경 화장품,컨셉·클레임,2024-03-04,True,0.7283981547679614
친환경 화장품,컨셉·클레임,2024-07-08,False,0.6245165608350945
친환경 화장품,컨셉·클레임,2024-09-23,True,0.3499452928119568
친환경 화장품,컨셉·클레임,2024-12-16,False,0.4573240841123456
친환경 화장품,컨셉·클레임,2025-02-03,False,0.5355881282289388
친환경 화장품,컨셉·클레임,2025-02-17,False,0.4446561222299924
친환경 화장품,컨셉·클레임,2025-03-03,True,0.4685047619725744
친환경 화장품,컨셉·클레임,2025-03-10,True,0.18842473448133254
친환경 화장품,컨셉·클레임,2025-05-05,True,0.4783652758394602
친환경 화장품,컨셉·클레임,2025-07-07,False,0.4880565270893935
친환경 화장품,컨셉·클레임,2025-08-04,True,0.37951008282933396
친환경 화장품,컨셉·클레임,2025-10-13,True,0.6843355435667552
친환경 화장품,컨셉·클레임,2025-11-17,False,0.49235927014574415
친환경 화장품,컨셉·클레임,2026-01-05,False,0.3964490959735679
친환경 화장품,컨셉·클레임,2026-01-19,False,0.4240084140226732
친환경 화장품,컨셉·클레임,2026-02-23,False,0.41231622885055613
친환경 화장품,컨셉·클레임,2026-03-09,True,0.44497192732802293
친환경 화장품,컨셉·클레임,2026-03-16,True,0.25407395383760645
친환경 화장품,컨셉·클레임,2026-05-04,True,0.4313563410591838
친환경 화장품,컨셉·클레임,2026-05-11,False,0.4503536103730676
친환경 화장품,컨셉·클레임,2026-06-08,False,0.3557147290007482
친환경 화장품,컨셉·클레임,2026-08-03,False,0.519653299461126
친환경 화장품,컨셉·클레임,2026-08-24,True,0.15992951979485262
친환경 화장품,컨셉·클레임,2026-09-07,False,0.47078835203225033
콜라겐,성분,2023-01-02,True,0.6651592080564033
콜라겐,성분,2023-03-13,False,0.6393198428467776
콜라겐,성분,2025-02-03,True,0.8041519022678455
쿠션파운데이션,제형,2023-02-06,True,0.8864213322767852
쿠션파운데이션,제형,2024-02-12,True,0.7935735818179539
쿠션파운데이션,제형,2024-12-02,True,0.8951800596198276
쿠션파운데이션,제형,2025-06-30,True,0.8975258361838127
쿠션파운데이션,제형,2025-07-28,True,0.8945484392076547
쿠션파운데이션,제형,2026-01-05,True,0.8267369189791292
쿠션파운데이션,제형,2026-07-27,True,0.8861448098827873
쿠션파운데이션,제형,2026-08-31,True,0.9028313488997176
쿨링 효과,효능,2023-07-10,True,0.8513075551968964
쿨링 효과,효능,2024-06-10,False,0.8054423356956257
크루얼티프리,컨셉·클레임,2023-01-30,False,0.552357459367996
크루얼티프리,컨셉·클레임,2023-07-03,True,0.7153250653997439
크루얼티프리,컨셉·클레임,2023-08-14,True,0.6274210237454283
크루얼티프리,컨셉·클레임,2023-10-16,True,0.32926168453742855
크루얼티프리,컨셉·클레임,2024-01-15,True,0.7043149844049702
크루얼티프리,컨셉·클레임,2024-05-06,True,0.6895045386216361
크루얼티프리,컨셉·클레임,2024-08-19,True,0.7774367527506846
크루얼티프리,컨셉·클레임,2025-02-03,True,0.7279904659941904
크루얼티프리,컨셉·클레임,2025-03-10,True,0.4799103425740776
크루얼티프리,컨셉·클레임,2025-05-12,False,0.36654189035358425
크루얼티프리,컨셉·클레임,2025-06-09,False,0.4816320014220844
크루얼티프리,컨셉·클레임,2025-10-13,True,0.6416218972540508
크루얼티프리,컨셉·클레임,2026-01-05,False,0.3235248290650647
크루얼티프리,컨셉·클레임,2026-03-09,True,0.4959768559163342
크루얼티프리,컨셉·클레임,2026-03-30,False,0.684613988436074
크루얼티프리,컨셉·클레임,2026-05-04,True,0.4368134791672355
크루얼티프리,컨셉·클레임,2026-07-06,False,0.6110819703155531
크루얼티프리,컨셉·클레임,2026-08-03,True,0.3252578156856504
클린뷰티,컨셉·클레임,2023-02-20,True,0.21202112955982005
클린뷰티,컨셉·클레임,2023-06-12,False,0.4485511931036338
클린뷰티,컨셉·클레임,2023-09-04,False,0.6622896291705883
클린뷰티,컨셉·클레임,2023-09-11,False,0.3657184278634335
클린뷰티,컨셉·클레임,2024-11-25,False,0.7768251026759089
클린뷰티,컨셉·클레임,2025-01-06,False,0.3090011827944483
클린뷰티,컨셉·클레임,2025-02-03,True,0.3162069227986823
클린뷰티,컨셉·클레임,2025-03-17,True,0.2829933443141654
클린뷰티,컨셉·클레임,2025-05-12,False,0.6417837706996824
클린뷰티,컨셉·클레임,2025-08-18,True,0.8815030773957404
클린뷰티,컨셉·클레임,2025-09-08,False,0.6869737174115457
클린뷰티,컨셉·클레임,2025-10-13,True,0.5291602936309107
클린뷰티,컨셉·클레임,2026-05-11,True,0.6964992703865667
클린뷰티,컨셉·클레임,2026-09-14,False,0.550733587131081
토너패드,제형,2024-02-12,True,0.8477552282795501
토너패드,제형,2026-01-05,True,0.9173481923015153
톤업,효능,2023-10-16,True,0.8135319242315784
톤업,효능,2024-01-01,True,0.8898462959244863
톤업,효능,2024-02-12,True,0.7966786954083072
톤업,효능,2026-08-31,True,0.8969998154414152
트레할로스,성분,2023-03-06,True,0.8590573293479088
트레할로스,성분,2024-04-01,False,0.7053053973465432
트레할로스,성분,2024-06-10,True,0.6658198312441949
트레할로스,성분,2024-07-08,True,0.7303313993100037
트레할로스,성분,2024-07-15,False,0.6831643252024229
트레할로스,성분,2024-11-25,False,0.6903408957689677
트레할로스,성분,2025-01-06,True,0.4104906985263538
트레할로스,성분,2025-02-03,True,0.7817197778270691
트레할로스,성분,2025-04-07,True,0.782811921856063
트레할로스,성분,2025-10-13,True,0.863413809925566
트레할로스,성분,2026-02-23,True,0.8492659089102491
판테놀,성분,2023-03-27,True,0.6198662288383485
페이셜미스트,제형,2023-01-23,False,0.22957552677872872
페이셜미스트,제형,2023-03-20,False,0.3128648402001186
페이셜미스트,제형,2023-06-12,False,0.28039726503669343
페이셜미스트,제형,2023-07-03,False,0.08670198193364659
페이셜미스트,제형,2023-09-25,False,0.12522287233616988
페이셜미스트,제형,2023-11-06,True,0.6917621252770763
페이셜미스트,제형,2023-11-13,False,0.7820441872802123
페이셜미스트,제형,2023-11-20,False,0.47749765429671287
페이셜미스트,제형,2023-12-11,False,0.570626084903502
페이셜미스트,제형,2024-01-08,False,0.6017048105360003
페이셜미스트,제형,2024-01-22,False,0.46212211211499443
페이셜미스트,제형,2024-02-12,False,0.5834773048790214
페이셜미스트,제형,2024-02-26,True,0.5655067243117783
페이셜미스트,제형,2024-03-04,False,0.5624768813799222
페이셜미스트,제형,2024-04-15,True,0.26397179051843517
페이셜미스트,제형,2024-04-22,False,0.18462513587961543
페이셜미스트,제형,2024-05-06,False,0.1732706512711574
페이셜미스트,제형,2024-08-05,False,0.3260089888547118
페이셜미스트,제형,2024-08-26,False,0.08006749394120825
페이셜미스트,제형,2024-09-16,True,0.12553374269445458
페이셜미스트,제형,2024-10-07,False,0.2707098572616688
페이셜미스트,제형,2024-11-11,False,0.3165516118406067
페이셜미스트,제형,2025-01-13,False,0.1417572436733032
페이셜미스트,제형,2025-01-27,False,0.38441350824851245
페이셜미스트,제형,2025-03-17,False,0.3110977963773591
페이셜미스트,제형,2025-04-28,False,0.5716447509505013
페이셜미스트,제형,2025-05-26,False,0.2717939103247729
페이셜미스트,제형,2025-06-30,False,0.13663131395912712
페이셜미스트,제형,2025-07-21,True,0.30427132587004924
페이셜미스트,제형,2025-07-28,False,0.2206196793497354
페이셜미스트,제형,2025-10-06,False,0.20840634023046248
페이셜미스트,제형,2025-10-27,False,0.2746842936309468
페이셜미스트,제형,2025-11-24,False,0.37592057024518344
페이셜미스트,제형,2025-12-01,False,0.3042812417943744
페이셜미스트,제형,2025-12-22,False,0.09084058938498389
페이셜미스트,제형,2026-01-19,False,0.22765279729856908
페이셜미스트,제형,2026-03-02,False,0.3226169508782029
페이셜미스트,제형,2026-03-16,False,0.10588612261657367
페이셜미스트,제형,2026-06-29,True,0.16996655123242482
페이스오일,제형,2023-10-02,True,0.9223402767153631
페이스오일,제형,2023-11-06,True,0.7679319557084721
페이스오일,제형,2023-11-13,True,0.7796953636577818
페이스오일,제형,2023-12-18,False,0.7570240300758478
페이스오일,제형,2024-09-23,True,0.9328783198539446
페이스오일,제형,2024-09-30,True,0.8895892814576358
페이스오일,제형,2024-11-04,True,0.7742254347491857
페이스오일,제형,2024-11-18,True,0.7777172214699241
페이스오일,제형,2024-11-25,False,0.7956190715259113
페이스오일,제형,2025-04-28,False,0.744182129001324
페이스오일,제형,2025-10-20,True,0.9273667477608116
페이스오일,제형,2026-09-07,True,0.8993892154302182
펩타이드,성분,2024-08-26,True,0.7955527898014254
펩타이드,성분,2024-09-23,True,0.8186540679677448
펩타이드,성분,2025-05-12,True,0.7964373380574546
펩타이드,성분,2025-11-24,False,0.8450591940442095
펩타이드,성분,2026-05-25,False,0.7923844175389271
펩타이드,성분,2026-06-29,True,0.5389714298362539
펩타이드,성분,2026-07-20,True,0.6387121193248545
펩타이드,성분,2026-09-14,True,0.5967309787170679
피부광채,효능,2023-01-16,True,0.31629357021860377
피부광채,효능,2023-01-30,True,0.23424209968571433
피부광채,효능,2023-04-03,False,0.31001138977480336
피부광채,효능,2023-05-22,True,0.24603842361036998
피부광채,효능,2023-05-29,False,0.21588568280988826
피부광채,효능,2023-06-19,False,0.3367749492132103
피부광채,효능,2023-08-07,False,0.2504897749590749
피부광채,효능,2023-11-06,False,0.371299341013086
피부광채,효능,2023-11-20,False,0.2357659658071977
피부광채,효능,2024-01-01,True,0.50541548933578
피부광채,효능,2024-01-08,True,0.388138617766561
피부광채,효능,2024-01-22,True,0.3722195584950657
피부광채,효능,2024-02-12,True,0.20462885870321906
피부광채,효능,2024-04-15,True,0.3511377586452516
피부광채,효능,2024-05-13,False,0.5507652924874747
피부광채,효능,2024-05-27,False,0.25016005015001463
피부광채,효능,2024-06-17,True,0.28551425285129145
피부광채,효능,2024-07-15,False,0.22645558997596757
피부광채,효능,2024-08-12,False,0.2591246970166191
피부광채,효능,2024-09-02,False,0.30370877828679504
피부광채,효능,2024-09-30,False,0.4082858599039861
피부광채,효능,2024-10-21,False,0.28078460795521054
피부광채,효능,2024-11-04,True,0.32802755362746217
피부광채,효능,2024-11-11,False,0.23106661003140366
피부광채,효능,2024-11-25,True,0.26562817799755284
피부광채,효능,2024-12-16,True,0.3826363148202552
피부광채,효능,2025-01-13,False,0.20948506219885932
피부광채,효능,2025-02-03,True,0.30433828714614014
피부광채,효능,2025-02-10,True,0.23280040079209222
피부광채,효능,2025-02-17,True,0.21613552159713217
피부광채,효능,2025-03-17,True,0.2892400307936923
피부광채,효능,2025-05-05,False,0.43495402354341367
피부광채,효능,2025-05-12,False,0.24293065986665283
피부광채,효능,2025-06-02,True,0.25924563213355434
피부광채,효능,2025-06-16,False,0.24814578017525724
피부광채,효능,2025-07-21,False,0.32884599411138227
피부광채,효능,2025-11-24,False,0.23754532841343515
피부광채,효능,2026-01-05,False,0.21363398325243024
피부광채,효능,2026-01-19,False,0.3170903162624462
피부광채,효능,2026-09-14,True,0.29103674544668195
피부장벽,효능,2024-09-23,True,0.8167836102673869
피부재생,효능,2024-03-04,True,0.8803137006808313
피부재생,효능,2024-09-23,True,0.8811334697801079
피부재생,효능,2025-10-27,True,0.8437786082620629
피부재생,효능,2026-01-05,True,0.8878229632649475
피부재생,효능,2026-03-16,True,0.653190151238247
피부진정,효능,2023-07-31,False,0.8026145322840241
피부진정,효능,2024-06-10,True,0.8993176621399814
피부진정,효능,2024-07-29,True,0.8824247043816513
피부진정,효능,2026-01-05,True,0.9160995872340382
피부진정,효능,2026-03-16,True,0.7725633814713666
피부진정,효능,2026-05-11,True,0.8336158588045339
피부진정,효능,2026-07-13,True,0.8063973738279248
피부탄력,효능,2025-08-18,True,0.8824308104889982
피부탄력,효능,2026-01-05,True,0.8088141042490818
피부트러블,효능,2023-01-23,True,0.7855260517186777
피부트러블,효능,2026-05-11,True,0.8893836584809544
피지조절,효능,2023-01-23,True,0.8839576445521329
피지조절,효능,2023-04-10,True,0.9042764894330092
피지조절,효능,2024-07-01,True,0.8818004022741291
피지조절,효능,2025-05-12,True,0.8840139492761737
피지조절,효능,2025-11-03,True,0.8802707222331926
피지조절,효능,2026-01-12,True,0.7748598570122365
피지조절,효능,2026-01-19,False,0.7855147839883891
피지조절,효능,2026-02-16,True,0.5837737433652641
피지조절,효능,2026-05-11,True,0.7388046592906754
피지조절,효능,2026-05-25,True,0.43926807978214616
피지조절,효능,2026-07-20,True,0.42623881149876924
항산화,효능,2025-02-03,True,0.8712660293670748
항산화,효능,2025-10-13,True,0.8724759704532761
히알루론산,성분,2023-10-02,True,0.8305495045610171
히알루론산,성분,2023-10-16,True,0.7495350871365516
히알루론산,성분,2023-11-27,True,0.6857700472821698
히알루론산,성분,2023-12-25,True,0.6894349768567135
히알루론산,성분,2024-01-15,True,0.39652753375658667
히알루론산,성분,2024-03-04,True,0.6395301047377894
히알루론산,성분,2024-05-06,True,0.6521865815624738
히알루론산,성분,2024-06-17,False,0.7596726485680658
히알루론산,성분,2024-08-05,True,0.7959818991499643
히알루론산,성분,2024-09-30,True,0.6423718108323239
히알루론산,성분,2024-12-23,False,0.6286972969476435
히알루론산,성분,2025-03-10,True,0.7295600800341172
히알루론산,성분,2025-04-07,True,0.7642958944829646
히알루론산,성분,2025-05-05,True,0.7701939224836323
히알루론산,성분,2025-05-26,True,0.6427982365535935
히알루론산,성분,2025-08-11,True,0.845355046688198
히알루론산,성분,2025-09-01,True,0.6450026416468878
히알루론산,성분,2025-12-22,True,0.7110065792378508
히알루론산,성분,2026-01-26,True,0.747880928521896
히알루론산,성분,2026-02-02,False,0.5669639387862876
히알루론산,성분,2026-03-02,True,0.5978921566702107
히알루론산,성분,2026-04-13,True,0.5323696493106514
히알루론산,성분,2026-07-13,True,0.8366522631313461
히알루론산,성분,2026-08-17,True,0.6451787745922967
