multiplier,category,breakout_rate,n_events
1.0,성분,0.08295436725733103,529
1.0,제형,0.0813689936536718,359
1.0,컨셉·클레임,0.1095890410958904,264
1.0,효능,0.07414341883542408,396
1.5,성분,0.059275521405049394,378
1.5,제형,0.054623753399818675,241
1.5,컨셉·클레임,0.08551266085512661,206
1.5,효능,0.04942894589028272,264
2.0,성분,0.04202603104908264,268
2.0,제형,0.037398005439709885,165
2.0,컨셉·클레임,0.0701535907015359,169
2.0,효능,0.039131248829807154,209
2.5,성분,0.03355809941978987,214
2.5,제형,0.02742520398912058,121
2.5,컨셉·클레임,0.05562474055624741,134
2.5,효능,0.031642014604006743,169
3.0,성분,0.025874235533950133,165
3.0,제형,0.022892112420670897,101
3.0,컨셉·클레임,0.048152760481527605,116
3.0,효능,0.02583785807901142,138
