multiplier,category,auc
1.0,성분,0.667087334469882
1.0,제형,0.7007229408266429
1.0,컨셉·클레임,0.8113159737579243
1.0,효능,0.7907940824379647
1.5,성분,0.7008518490903668
1.5,제형,0.7501434501054451
1.5,컨셉·클레임,0.8278646683484198
1.5,효능,0.866934604581069
2.0,성분,0.7011092589618488
2.0,제형,0.7781658404686795
2.0,컨셉·클레임,0.8569915645133912
2.0,효능,0.8912474811150983
2.5,성분,0.7245959765610421
2.5,제형,0.791510989010989
2.5,컨셉·클레임,0.8825337763012181
2.5,효능,0.9334309558366163
3.0,성분,0.7231600479358651
3.0,제형,0.7984476035342317
3.0,컨셉·클레임,0.8779385964912281
3.0,효능,0.946639358790051
