category,lag_weeks,n,correlation
성분,1,6333,-0.03980610591018336
성분,2,6311,-0.03859511063989162
성분,3,6289,0.007999162369460355
성분,4,6267,0.026851199107909555
성분,5,6245,0.01698384332236929
성분,6,6223,0.05273907662215942
성분,7,6201,0.02284900166747766
성분,8,6179,0.04842388476636752
성분,9,6157,0.01687863030023272
성분,10,6135,0.010494216818939672
성분,11,6113,0.0052744640343909115
성분,12,6091,0.029832872912326634
성분,13,6069,0.03226282601404336
성분,14,6047,0.062072675769184626
성분,15,6025,0.042793903613211025
성분,16,6003,0.013806373346666026
성분,17,5981,-0.006520418631066983
성분,18,5959,0.004467136933179215
성분,19,5937,0.051866331142029
성분,20,5915,0.0243146033182047
성분,21,5893,0.02655929753012009
성분,22,5871,0.023450337626216334
성분,23,5849,0.044079763701514604
성분,24,5827,0.021979937192493828
성분,25,5805,-0.0023195033577263213
성분,26,5783,0.036699219846303775
제형,1,4382,-0.017701550035348762
제형,2,4367,0.001420575308277728
제형,3,4352,0.008772780657892144
제형,4,4337,0.013742953122464978
제형,5,4322,0.017849927050148436
제형,6,4307,0.03240056069893211
제형,7,4292,0.029902993166352993
제형,8,4277,0.0039036837040681577
제형,9,4262,0.07025887756549215
제형,10,4247,0.02506384586921334
제형,11,4232,0.07464937830062154
제형,12,4217,0.0017072477095312346
제형,13,4202,0.016647887482204974
제형,14,4187,0.01580216455337254
제형,15,4172,0.005351441163428325
제형,16,4157,0.024681407424182938
제형,17,4142,0.07084164171635934
제형,18,4127,0.003295825107806091
제형,19,4112,0.018641039088590102
제형,20,4097,0.06234829252518376
제형,21,4082,0.026122240390096026
제형,22,4067,0.08768435126236697
제형,23,4052,0.007280769229194451
제형,24,4037,0.06290869328490956
제형,25,4022,0.007104370520902446
제형,26,4007,0.07096772771105724
컨셉·클레임,1,2387,-0.09193351957739154
컨셉·클레임,2,2376,0.012760913477952654
컨셉·클레임,3,2365,0.006192540236396754
컨셉·클레임,4,2354,0.016344293393024574
컨셉·클레임,5,2344,0.05095377869940697
컨셉·클레임,6,2334,0.0103177361689068
컨셉·클레임,7,2325,0.0986662677353495
컨셉·클레임,8,2316,0.03295396868672721
컨셉·클레임,9,2307,0.06632773787471626
컨셉·클레임,10,2298,0.05266889062145259
컨셉·클레임,11,2289,0.07397989960175197
컨셉·클레임,12,2280,0.07603382937017955
컨셉·클레임,13,2271,0.015628357857723277
컨셉·클레임,14,2262,0.0487921251635549
컨셉·클레임,15,2253,0.0762683262642369
컨셉·클레임,16,2244,0.028056737829287144
컨셉·클레임,17,2235,0.05234108510786539
컨셉·클레임,18,2226,0.03887437549605036
컨셉·클레임,19,2217,0.03819827403303535
컨셉·클레임,20,2208,0.062015918944331734
컨셉·클레임,21,2199,0.04699304512698939
컨셉·클레임,22,2190,0.07219035941155431
컨셉·클레임,23,2181,0.04466581587075395
컨셉·클레임,24,2172,0.05304544144209883
컨셉·클레임,25,2163,0.012819448367843997
컨셉·클레임,26,2154,0.08856300893215126
효능,1,5303,-0.0499841055647636
효능,2,5284,0.04406821324341268
효능,3,5265,0.02405354351491405
효능,4,5246,0.09507186513098337
효능,5,5227,0.013308312133210575
효능,6,5208,0.08181846497758344
효능,7,5189,0.060021143716292545
효능,8,5170,0.056841152825687226
효능,9,5151,0.09101334621367378
효능,10,5132,0.07968319777814391
효능,11,5113,0.06658438940309672
효능,12,5094,0.0963080229241946
효능,13,5075,0.0181032346707677
효능,14,5056,0.062248999183818716
효능,15,5037,0.07994206815731542
효능,16,5018,0.0991025525058978
효능,17,4999,0.06515640242301417
효능,18,4980,0.0588546356103705
효능,19,4961,0.07152394906990109
효능,20,4942,0.06725698287430576
효능,21,4923,0.055264256435355895
효능,22,4904,0.07055360136538705
효능,23,4885,0.05611444203250012
효능,24,4866,0.10141621524596187
효능,25,4847,0.03756731163994527
효능,26,4828,0.09978654672612317
