feature_set,model,성분,제형,컨셉·클레임,효능,mean_auc
base+all_extra,catboost,0.7293524455711303,0.7961182774064222,0.825190681109957,0.8793642465892432,0.8075064126691881
base+holiday,catboost,0.7256971368923353,0.7925450656889703,0.8229351535836179,0.8782415413878796,0.8048547243882007
base+all_extra,xgboost,0.7156734640620339,0.782179398329272,0.8258109511797004,0.8770583828295194,0.8001805491001315
base+holiday,xgboost,0.71417107813898,0.7837834313265224,0.8262056684968095,0.8749921734493175,0.7997880878529072
base+all_extra,lightgbm,0.7131486728303013,0.7804933938431959,0.8238314289954,0.876676231251363,0.7985374317300651
base+holiday,lightgbm,0.7084523188189681,0.779254506568897,0.8196141860810209,0.8749101296076793,0.7955577852691413
base+holiday,random_forest,0.7118420071577692,0.7893090548687338,0.8074551120344264,0.8735002709605824,0.7955266112553779
base+all_extra,random_forest,0.7113797345660602,0.7844634220860998,0.8061196023148836,0.8752847245162112,0.7943118708708137
base+rank,catboost,0.7164321130331047,0.7565595820944461,0.8281317702923282,0.8663700134076909,0.7918733697068925
base(signal+vol+seasonal),catboost,0.7125559200715776,0.7565167333616507,0.8290250779047337,0.8676449315257779,0.7914356657159349
base+rank,xgboost,0.7144907545481658,0.7552722571222046,0.826923875945986,0.8653142387087163,0.7905002815812683
base+momentum,catboost,0.7105306814792723,0.7570774928647546,0.8272681406736906,0.8668611969332874,0.7904343779877513
base+rank,lightgbm,0.7071512451535938,0.7581244923356658,0.8254904288470098,0.8664725682097386,0.789309683636502
base+momentum,xgboost,0.7014213018192663,0.75204556124388,0.8279477667309689,0.8712688943728718,0.7881708810417468
base(signal+vol+seasonal),lightgbm,0.700072696093051,0.7575525549022677,0.8262086362961863,0.8639605153216874,0.7869486006532982
base(signal+vol+seasonal),xgboost,0.7008518490903668,0.7501434501054451,0.8278646683484198,0.866934604581069,0.7864486430313251
base+momentum,lightgbm,0.6985600581568745,0.7521312587094706,0.8237869120047484,0.8662545043148583,0.785183183296488
base+momentum,random_forest,0.6916259692812408,0.7583573658834664,0.8128060543107287,0.8673361875954029,0.7825313942677097
base+rank,random_forest,0.6896193707127946,0.7622081628698965,0.8107226591482416,0.8635848408889234,0.781533758404964
base(signal+vol+seasonal),random_forest,0.69423464062034,0.7577817024733033,0.8105327199881289,0.8611861380452406,0.7809338002817532
base(signal+vol+seasonal),logistic_regression,0.6313338801073666,0.7305857980669632,0.7431903843300194,0.7471084943443725,0.7130546392121804
base+momentum,logistic_regression,0.6291101252609603,0.7298368767372367,0.741498738685265,0.7423391562870412,0.7106962242426258
base+rank,logistic_regression,0.6099146286907247,0.6475896656308452,0.7182727407627244,0.7332366079621389,0.6772534107616082
base+holiday,logistic_regression,0.6215310915597971,0.7020373640949975,0.6596943166641935,0.6549128068277749,0.6595438947866907
base+all_extra,logistic_regression,0.6178906949000896,0.6736864068915667,0.6547796408962754,0.6682557263362892,0.6536531172560551
