keyword,category,period,P_1w,P_4w,P_26w,P_52w
스킨에센스,제형,2025-09-22,0.8820798915380625,0.8165555243198318,0.8262899611730595,0.9571680159494634
클린뷰티,컨셉·클레임,2025-09-22,0.7819376379634053,0.6776858100666965,0.7488758038588436,0.9171879502238911
시어버터,성분,2025-09-22,0.870662917900885,0.8312650131149659,0.7233720784464405,0.8929367610534206
PDRN,성분,2025-09-22,0.38513360241036576,0.4704570889623216,0.5853836354293658,0.8424278611320275
선스틱,제형,2025-09-22,0.4088894411238277,0.5625362096343097,0.6483286844071738,0.774293876908362
로션,제형,2025-09-22,0.3937252126029496,0.45560384956866196,0.5775422553042905,0.7685557408265964
시트팩,제형,2025-09-22,0.4211047743427604,0.4465686613805888,0.4792280822819249,0.7607805663752014
히알루론산,성분,2025-09-22,0.6838745424743884,0.6649515205340084,0.6058492342209543,0.7605809396656963
쿠션파운데이션,제형,2025-09-22,0.5692635104316206,0.43214600533464975,0.5617680309641492,0.7430842910618761
더마코스메틱,컨셉·클레임,2025-09-22,0.37661537994646826,0.4557028639732831,0.6777377644961425,0.7358393823111685
스쿠알란,성분,2025-09-22,0.3637976993811779,0.4204463484932443,0.6194439545816892,0.7356254118877718
수분젤,제형,2025-09-22,0.5646969675183593,0.48197518754715446,0.5795134160938998,0.7094221801302965
세라마이드,성분,2025-09-22,0.6916195141979371,0.5783575965288422,0.6106162822772627,0.6976188476183184
립밤,제형,2025-09-22,0.5015672985507116,0.6206114222957639,0.6717291994707713,0.6820245788518517
베타글루칸,성분,2025-09-22,0.3364697529939021,0.4143014538689122,0.6304797087927395,0.68181592688129
아데노신,성분,2025-09-22,0.3395668656786351,0.41753609202610453,0.5546938826627993,0.6655730522826748
트레할로스,성분,2025-09-22,0.3459478638745309,0.38636877853616813,0.5398492717816622,0.6474503696878399
레티놀,성분,2025-09-22,0.34773629805416445,0.43334532720861396,0.562353445286372,0.6309845815053022
판테놀,성분,2025-09-22,0.29639531694550025,0.34679032035357893,0.4628351291253614,0.5832550900136455
피지조절,효능,2025-09-22,0.5176337715944597,0.450994864953564,0.4786104206039874,0.5830674891735546
페이스오일,제형,2025-09-22,0.4768769271312417,0.34444787167231705,0.47762570412189553,0.5638473013456164
엑소좀,성분,2025-09-22,0.3099194765534223,0.339177758354126,0.4433866334926308,0.5360123837347246
주름개선,효능,2025-09-22,0.3268507634402083,0.32381900154699544,0.41206959293446943,0.4764551734969416
스킨토너,제형,2025-09-22,0.3601035252848275,0.3123422233989895,0.3855004729889735,0.4731309157281819
콜라겐,성분,2025-09-22,0.5297204181529345,0.4261006983299128,0.417140337073495,0.4656397348516966
알란토인,성분,2025-09-22,0.4801064451042569,0.348006589638146,0.4036132383594723,0.4519654251253497
나이아신아마이드,성분,2025-09-22,0.265744953176926,0.395513281207577,0.5090381829670209,0.43787055595227475
병풀추출물,성분,2025-09-22,0.47864953376279756,0.369426982860458,0.34798295823898195,0.3994338100021838
감초추출물,성분,2025-09-22,0.4952266130268281,0.34941318364931134,0.36791562321156945,0.3855001381174272
살리실산,성분,2025-09-22,0.32030585797539146,0.3093095708634525,0.352927875708454,0.3811498487471438
비타민E,성분,2025-09-22,0.35924631031717735,0.27208012865984865,0.3008973005451428,0.3655770030326267
마스크팩,제형,2025-09-22,0.24827697508716995,0.22965847581612817,0.33986383197635023,0.36114446338055384
펩타이드,성분,2025-09-22,0.3144651939779273,0.21800871655388,0.2429308546464919,0.35436367138840363
토너패드,제형,2025-09-22,0.18806209022166437,0.2158240837955149,0.35763340270550914,0.35014210730858086
피부탄력,효능,2025-09-22,0.4149333069473112,0.308247905987894,0.33687757975015786,0.3495710262085494
앰플,제형,2025-09-22,0.16696360893271486,0.1529671586371606,0.288625383116793,0.3424763695922216
브라이트닝,효능,2025-09-22,0.3790911896490619,0.3538585720812002,0.36007641745926017,0.34227105424721904
안면홍조,효능,2025-09-22,0.36490175321653845,0.30640387371304445,0.36036607884591526,0.33506658355377117
세럼,제형,2025-09-22,0.2512503420677276,0.2037288358041705,0.30785953841678776,0.3258015908540889
수분크림,제형,2025-09-22,0.17785810958819212,0.2104973259775276,0.24663659542777952,0.3208752403417359
항산화,효능,2025-09-22,0.2580140371529215,0.27509713976334976,0.3329599201044309,0.303886910766248
톤업,효능,2025-09-22,0.2965687765339495,0.24939756302934124,0.2706302540598328,0.29628840749633756
스쿠알렌,성분,2025-09-22,0.22546814980704044,0.19525306294920122,0.2502613359792766,0.29167885712346586
피부진정,효능,2025-09-22,0.37576188147506345,0.2935866484970531,0.3091649409405293,0.29140274493718216
어성초,성분,2025-09-22,0.17943321389342812,0.2724702705281008,0.23798075160810023,0.28638311871876393
논코메도제닉,컨셉·클레임,2025-09-22,0.22232488819600993,0.28086225181229124,0.3170390000952597,0.25070709564730287
잡티,효능,2025-09-22,0.2980067207119996,0.25468177996411256,0.255913144842956,0.24527659455189138
피부재생,효능,2025-09-22,0.31569148524211377,0.27291416661044304,0.2555782659000894,0.21906712405142925
시카케어,컨셉·클레임,2025-09-22,0.2023601973143803,0.12502151439240097,0.1304568467760704,0.19724694294228357
알러지테스트,컨셉·클레임,2025-09-22,0.1761633130637994,0.2316514635384633,0.20544712041090085,0.1798547297746031
보습,효능,2025-09-22,0.15100718713778008,0.18015960010041449,0.1901389451270027,0.17965098354061246
피부장벽,효능,2025-09-22,0.1394251002175691,0.18618379582188058,0.1737186262787099,0.1707410157308192
모공,효능,2025-09-22,0.2199973985678526,0.18788066800215017,0.181487849316303,0.14424283427719664
피부트러블,효능,2025-09-22,0.20454014592078978,0.1781760718306667,0.17303781853338454,0.13311885297835985
각질,효능,2025-09-22,0.20318788955381176,0.19749978278733352,0.15825779494981126,0.13118612553742
리프팅,효능,2025-09-22,0.11550123567737111,0.15054548724987013,0.1549067061566215,0.1270377148683782
미백,효능,2025-09-22,0.11757673702687949,0.09976102388579783,0.1170646445886619,0.11272064215224994
비건,컨셉·클레임,2025-09-22,0.07382458103563061,0.07617197165016416,0.05883766117198093,0.10932079338643011
