keyword,category,risk_note,verified
나이아신아마이드,성분,"화장품 전용 용어, 충돌 거의 없음. 실측빈도 44/97",미검증(추정낮음)
PDRN,성분,"화장품/의료 전용, 실측빈도 19/97. 영문 약어라 검색량 낮을 수 있어 'PDRN 화장품'도 별도 테스트 권장",미검증(추정낮음)
판테놀,성분,"전용 용어, 실측빈도 41/97",미검증(추정낮음)
펩타이드,성분,"전용 용어, 실측빈도 23/97",미검증(추정낮음)
히알루론산,성분,"전용 용어, 실측빈도 52/97(INCI 계열 통합 시 최다)",미검증(추정낮음)
세라마이드,성분,"전용 용어, 실측빈도 34/97",미검증(추정낮음)
레티놀,성분,"전용 용어, 실측빈도 4/97(자극성으로 베스트셀러엔 적으나 검색 트렌드는 별개)",미검증(추정낮음)
아하 성분,성분,원형 'AHA'는 밴드 a-ha·지식iN·미국심장협회와 충돌 심함(사전+검색 재검증으로 높음 상향) — 결합형 필수,사전+검색검증
살리실산,성분,"전용 용어, 실측빈도 11/97(BHA 대표 성분)",미검증(추정낮음)
콜라겐,성분,"전용 용어, 실측빈도 18/97",미검증(추정낮음)
스쿠알란,성분,"전용 용어, 실측빈도 24/97",미검증(추정낮음)
병풀추출물,성분,"실측빈도 34/97. 결합형 자체가 성분사전 등재 전용어라 안전, '시카' 단독은 위험",미검증(추정낮음)
엑소좀,성분,실측빈도 0/97 — 베스트셀러엔 미반영이나 조기예측(RQ1) 검증용으로 유지,미검증(추정낮음)
장미추출물,성분,"실측빈도 13/97. '장미' 단독은 위험, 결합형 사용",미검증(추정낮음)
어성초,성분,"전용 용어, 실측빈도 11/97(약모밀추출물 포함)",미검증(추정낮음)
알란토인,성분,"전용 용어, 실측빈도 29/97",미검증(추정낮음)
아데노신,성분,"전용 용어, 실측빈도 33/97(기능성 고시 성분)",미검증(추정낮음)
베타글루칸,성분,"전용 용어, 실측빈도 16/97",미검증(추정낮음)
트레할로스,성분,"전용 용어, 실측빈도 12/97",미검증(추정낮음)
감초추출물,성분,"실측빈도 15/97. 결합형 자체가 성분사전 등재 전용어라 안전, '감초' 단독은 관용구 위험",미검증(추정낮음)
비타민E,성분,"실측빈도 53/97(토코페롤 포함, 올리브영 주요성분 필터 일치)",미검증(추정낮음)
시어버터,성분,"전용 용어, 실측빈도 8/97(올리브영 주요성분 필터 일치)",미검증(추정낮음)
비건,컨셉·클레임,화장품·식품 공통이나 뷰티 맥락에서 충분히 유의미,미검증(추정낮음)
저자극,컨셉·클레임,전용 표현. 올리브영 '제품특징' 필터에도 존재,미검증(추정낮음)
클린뷰티,컨셉·클레임,전용 용어,미검증(추정낮음)
무향료,컨셉·클레임,전용 표현,미검증(추정낮음)
크루얼티프리,컨셉·클레임,전용 용어,미검증(추정낮음)
더마코스메틱,컨셉·클레임,전용 용어,미검증(추정낮음)
논코메도제닉,컨셉·클레임,"전문 용어, 검색량 낮을 가능성 — 표본 제외 검토",미검증(추정낮음)
자연유래 성분,컨셉·클레임,'자연유산'(문화재 용어)과 혼동 확인됨 — 결합형 필수,사전검증
친환경 화장품,컨셉·클레임,'저탄소/친환경' 단독은 환경정책 키워드와 크게 겹침 — 결합형 필수,미검증(추정높음유지)
Non-합성향료,컨셉·클레임,전용 표현(올리브영 필터),미검증(추정낮음)
피부과테스트,컨셉·클레임,전용성 높은 클레임 문구(올리브영 필터),미검증(추정낮음)
백탁없음,컨셉·클레임,선크림 전용 클레임(올리브영 필터),미검증(추정낮음)
보습력,컨셉·클레임,'강한보습력'보다 일반화된 결합형 권장(올리브영 필터),미검증(추정중간유지)
앰플,제형,전용 용어,미검증(추정낮음)
세럼,제형,전용 용어,미검증(추정낮음)
스킨에센스,제형,사전상 '본질/정수'에서 자연스럽게 파생된 의미라 상대적으로 안전하나 결합형 권장,사전검증
수분크림,제형,'크림' 단독은 사전에 4개 뜻 등재(화장품 뜻 비중 최소) — 결합형 필수,사전검증
로션,제형,화장품 맥락 우세,미검증(추정낮음)
스킨토너,제형,'토너' 단독은 프린터 토너와 대등하게 경쟁 — 결합형 필수(중간→높음 상향),사전+검색검증
페이셜미스트,제형,'미스트' 단독은 안개·경제용어·산업용어 등 4개 의미 — 결합형 필수,사전검증
페이스오일,제형,'오일' 단독은 동식물·광물성 기름 포괄 — 결합형 필수,사전검증
립밤,제형,"'밤' 단독은 사전에 night/밤나무열매/놋그릇틀 등재, 화장품 '밤'은 사전 미등재 — 단독 사용 절대 금지",사전검증
시트팩,제형,전용 용어,미검증(추정낮음)
마스크팩,제형,전용 용어(풀네임 필수),미검증(추정낮음)
토너패드,제형,"'패드' 단독은 사전에 4개 뜻(생리대 포함) 등재, 화장품 결합어는 사전 미등재 — 단독 사용 절대 금지",사전검증
수분젤,제형,'젤' 단독은 화학적 정의의 하위개념(네일젤·식품 포함) — 결합형 권장,사전검증
쿠션파운데이션,제형,"'쿠션' 단독은 사전상 가구·등받이·당구 의미뿐, 화장품 의미 미등재 — 결합형 필수",사전검증
선스틱,제형,"'스틱' 단독은 사전에 인쇄용구·지팡이 등 다수 뜻, 화장품 결합어는 사전 미등재 — 결합형 필수",사전검증
모공,효능,전용 표현,미검증(추정낮음)
각질,효능,전용 표현,미검증(추정낮음)
리프팅,효능,시술/미용기기 맥락과 겹치나 같은 뷰티 도메인,미검증(추정낮음)
피부탄력,효능,'탄력' 단독은 물리적 탄성의 비유적 확장 용법 — 완전 별개 동음이의어는 아니나 결합형 권장,사전검증
주름개선,효능,식약처 기능성 화장품 고시 문구,미검증(추정낮음)
미백,효능,화장품 기능성 고시 용어,미검증(추정낮음)
톤업,효능,전용 표현,미검증(추정낮음)
피부진정,효능,'진정' 단독은 사전에 陳情/眞正/眞情/鎭靜 4개 동음이의어 — 결합형 필수,사전검증
보습,효능,전용 표현,미검증(추정낮음)
피부트러블,효능,'트러블' 단독은 순화어 권고 대상이며 화장품 뜻 사전 미등재 — 단독 사용 절대 금지,사전검증
피지조절,효능,"'피지' 단독은 사전에 8개 뜻 등재(국가명 포함, 조사 대상 중 최다) — 단독 사용 절대 금지",사전검증
안면홍조,효능,'홍조' 단독은 사전에 4개 뜻 등재(중간→높음 상향) — 결합형 필수,사전검증
피부재생,효능,'재생' 단독은 사전에 5개 뜻(영상 재생 포함) 등재 — 단독 사용 절대 금지,사전검증
브라이트닝,효능,전용 표현,미검증(추정낮음)
수분공급,효능,'수분' 단독은 한자가 다른 동음이의어 4개(水分/受粉/守分/水盆) — 결합형 권장,사전검증
피부장벽,효능,전용 표현(올리브영 필터),미검증(추정낮음)
모공수렴,효능,전용 표현(올리브영 필터),미검증(추정낮음)
영양공급,효능,전용 표현(올리브영 필터),미검증(추정낮음)
항산화,효능,"전용 화학·생물학 용어, 별도 동음이의어 없음(중간→낮음 하향, 올리브영 필터)",사전검증
스쿠알렌,성분,"기존 '스쿠알란'(안정화된 수소화형)과 다른 원료(전구물질) — 중복 아님. discover_new_keyword_candidates.py로 올리브영 주요성분 필터에서 발견(2026-10-06)",미검증(추정낮음)
피부광채,효능,"올리브영 '기능' 필터 '광채' 발견 — 일반적 수식어 위험 있어 '피부광채' 결합형 사용",미검증(추정중간유지)
잡티,효능,"올리브영 '기능' 필터 '미백/잡티'에서 분리 — 비교적 전용 표현",미검증(추정낮음)
올인원 스킨케어,컨셉·클레임,"올리브영 제품특징 필터 '올인원' 발견 — '올인원 PC' 등 전자제품 표현과 겹칠 위험 있어 결합형 사용",미검증(추정중간유지)
알러지테스트,컨셉·클레임,"올리브영 제품특징 필터에서 발견, 기존 '피부과테스트'와는 별개의 독립 클레임",미검증(추정낮음)
아미노산 성분,성분,"올리브영 주요성분 필터 '아미노산' 발견 — 식품/건강 맥락과 크게 겹쳐 위험도 높음, 결합형 필수",미검증(추정높음유지)
타우린 화장품,성분,"올리브영 주요성분 필터 '타우린' 발견 — 에너지드링크(박카스 등) 연상이 압도적일 위험, 결합형 필수",미검증(추정높음유지)
쿨링 효과,효능,"올리브영 '기능' 필터 '쿨링' 발견 — 에어컨/냉방 등과 겹쳐 위험도 높음, 결합형 필수",미검증(추정높음유지)
시카케어,컨셉·클레임,"올리브영 주요성분 필터에 있었으나 INCI 성분명이 아니라 브랜드성 조합어(제품라인)에 가까워 컨셉·클레임으로 재분류 — 실제 성분명은 기존 '병풀추출물'이 담당",미검증(추정중간유지)
