keyword,category,period,is_breakout,pred_proba
스쿠알렌,성분,2023-01-02,False,0.3302203833149212
스쿠알렌,성분,2023-01-09,False,0.2808672309263506
스쿠알렌,성분,2023-01-16,False,0.2615305949631752
스쿠알렌,성분,2023-01-23,False,0.1958498973934923
스쿠알렌,성분,2023-01-30,False,0.28990913766429244
스쿠알렌,성분,2023-02-06,False,0.30362090964939215
스쿠알렌,성분,2023-02-13,False,0.22438860317931392
스쿠알렌,성분,2023-02-20,False,0.24745105518184776
스쿠알렌,성분,2023-02-27,False,0.288997428769918
스쿠알렌,성분,2023-03-06,True,0.31327515710840137
스쿠알렌,성분,2023-03-13,False,0.37279480577027585
스쿠알렌,성분,2023-03-20,False,0.4405562745886233
스쿠알렌,성분,2023-03-27,False,0.5222017163300897
스쿠알렌,성분,2023-04-03,False,0.5138183187664893
스쿠알렌,성분,2023-04-10,False,0.522892258083912
스쿠알렌,성분,2023-04-17,True,0.49885481375870655
스쿠알렌,성분,2023-04-24,False,0.6012419986347567
스쿠알렌,성분,2023-05-01,False,0.759233583561791
스쿠알렌,성분,2023-05-08,False,0.7270691067585284
스쿠알렌,성분,2023-05-15,False,0.7582186011273648
스쿠알렌,성분,2023-05-22,False,0.7135236491179948
스쿠알렌,성분,2023-05-29,False,0.6976295414084589
스쿠알렌,성분,2023-06-05,False,0.7132042180238504
스쿠알렌,성분,2023-06-12,False,0.6171063217394337
스쿠알렌,성분,2023-06-19,False,0.3480684309465334
스쿠알렌,성분,2023-06-26,False,0.3169968730995185
스쿠알렌,성분,2023-07-03,False,0.3514558631702487
스쿠알렌,성분,2023-07-10,False,0.30954712861113587
스쿠알렌,성분,2023-07-17,False,0.31857129104070925
스쿠알렌,성분,2023-07-24,False,0.2016380610267572
스쿠알렌,성분,2023-07-31,False,0.14610167377667937
스쿠알렌,성분,2023-08-07,False,0.206395218358732
스쿠알렌,성분,2023-08-14,False,0.21436274188584145
스쿠알렌,성분,2023-08-21,False,0.20301141516027355
스쿠알렌,성분,2023-08-28,False,0.2084820501309848
스쿠알렌,성분,2023-09-04,False,0.31177584848504963
스쿠알렌,성분,2023-09-11,False,0.3074404936173381
스쿠알렌,성분,2023-09-18,False,0.3230945672031423
스쿠알렌,성분,2023-09-25,False,0.3673634814980383
스쿠알렌,성분,2023-10-02,False,0.33211323074835014
스쿠알렌,성분,2023-10-09,False,0.46841568003087486
스쿠알렌,성분,2023-10-16,False,0.3513112349191619
스쿠알렌,성분,2023-10-23,False,0.3108401678052842
스쿠알렌,성분,2023-10-30,False,0.31664042650385427
스쿠알렌,성분,2023-11-06,False,0.35473790710992775
스쿠알렌,성분,2023-11-13,False,0.2954279164601764
스쿠알렌,성분,2023-11-20,False,0.31842539094733296
스쿠알렌,성분,2023-11-27,False,0.3090827205312141
스쿠알렌,성분,2023-12-04,False,0.23993263053639827
스쿠알렌,성분,2023-12-11,False,0.1698370126776696
스쿠알렌,성분,2023-12-18,False,0.18582748156369966
스쿠알렌,성분,2023-12-25,False,0.21589173280009488
스쿠알렌,성분,2024-01-01,False,0.21286574532509078
스쿠알렌,성분,2024-01-08,False,0.32255157324317296
스쿠알렌,성분,2024-01-15,False,0.33712986371088255
스쿠알렌,성분,2024-01-22,False,0.31179289024310075
스쿠알렌,성분,2024-01-29,False,0.3271220079840067
스쿠알렌,성분,2024-02-05,False,0.3469846332483781
스쿠알렌,성분,2024-02-12,False,0.43219188936161074
스쿠알렌,성분,2024-02-19,False,0.3194762952120773
스쿠알렌,성분,2024-02-26,False,0.28685329451966846
스쿠알렌,성분,2024-03-04,True,0.3076504789050601
스쿠알렌,성분,2024-03-11,False,0.39620474392646465
스쿠알렌,성분,2024-03-18,False,0.5279221977290001
스쿠알렌,성분,2024-03-25,True,0.42661389562484625
스쿠알렌,성분,2024-04-01,False,0.6001086721752982
스쿠알렌,성분,2024-04-08,False,0.5462642694630596
스쿠알렌,성분,2024-04-15,False,0.6515470260818625
스쿠알렌,성분,2024-04-22,False,0.6438240921231416
스쿠알렌,성분,2024-04-29,False,0.715299344611921
스쿠알렌,성분,2024-05-06,False,0.5934893700239334
스쿠알렌,성분,2024-05-13,False,0.5780885261112437
스쿠알렌,성분,2024-05-20,False,0.46484531865515544
스쿠알렌,성분,2024-05-27,False,0.4230402057019945
스쿠알렌,성분,2024-06-03,False,0.3150735545441051
스쿠알렌,성분,2024-06-10,False,0.3205919282840869
스쿠알렌,성분,2024-06-17,False,0.28132614546123613
스쿠알렌,성분,2024-06-24,False,0.2927137491040131
스쿠알렌,성분,2024-07-01,False,0.37440555087670085
스쿠알렌,성분,2024-07-08,False,0.3433872961401989
스쿠알렌,성분,2024-07-15,False,0.3440813254611411
스쿠알렌,성분,2024-07-22,False,0.3327395290171126
스쿠알렌,성분,2024-07-29,False,0.3190325494132601
스쿠알렌,성분,2024-08-05,False,0.35458518229593206
스쿠알렌,성분,2024-08-12,False,0.39915646691659584
스쿠알렌,성분,2024-08-19,False,0.4318512321037946
스쿠알렌,성분,2024-08-26,False,0.3976574253625911
스쿠알렌,성분,2024-09-02,False,0.43655783948636434
스쿠알렌,성분,2024-09-09,False,0.38591794751657205
스쿠알렌,성분,2024-09-16,False,0.43930236140187306
스쿠알렌,성분,2024-09-23,False,0.3935610147880811
스쿠알렌,성분,2024-09-30,False,0.4161383041470583
스쿠알렌,성분,2024-10-07,False,0.48839494012502355
스쿠알렌,성분,2024-10-14,False,0.2865208852395998
스쿠알렌,성분,2024-10-21,False,0.32873825050877425
스쿠알렌,성분,2024-10-28,False,0.33639992730250917
스쿠알렌,성분,2024-11-04,False,0.35781219230834366
스쿠알렌,성분,2024-11-11,False,0.431338255682241
스쿠알렌,성분,2024-11-18,False,0.4305041459576331
스쿠알렌,성분,2024-11-25,False,0.4253187964765385
스쿠알렌,성분,2024-12-02,False,0.3252447335701434
스쿠알렌,성분,2024-12-09,False,0.32845179735512114
스쿠알렌,성분,2024-12-16,False,0.3409140447897272
스쿠알렌,성분,2024-12-23,False,0.40819048799776486
스쿠알렌,성분,2024-12-30,False,0.3387029309420988
스쿠알렌,성분,2025-01-06,False,0.36929839564876726
스쿠알렌,성분,2025-01-13,False,0.3406507234781356
스쿠알렌,성분,2025-01-20,False,0.32663384090676256
스쿠알렌,성분,2025-01-27,False,0.2843336078114614
스쿠알렌,성분,2025-02-03,False,0.15094991150665307
스쿠알렌,성분,2025-02-10,False,0.20041257435991044
스쿠알렌,성분,2025-02-17,False,0.22050158209503418
스쿠알렌,성분,2025-02-24,False,0.27404632262999445
스쿠알렌,성분,2025-03-03,False,0.2585786370894501
스쿠알렌,성분,2025-03-10,False,0.4609357945764997
스쿠알렌,성분,2025-03-17,False,0.3353454809098463
스쿠알렌,성분,2025-03-24,False,0.3930154326932053
스쿠알렌,성분,2025-03-31,False,0.5321473033904384
스쿠알렌,성분,2025-04-07,False,0.4789035718353389
스쿠알렌,성분,2025-04-14,False,0.41931695334878605
스쿠알렌,성분,2025-04-21,False,0.548300666650256
스쿠알렌,성분,2025-04-28,False,0.3357248553880149
스쿠알렌,성분,2025-05-05,False,0.44965072422072516
스쿠알렌,성분,2025-05-12,False,0.4358790868702513
스쿠알렌,성분,2025-05-19,False,0.3748088389563248
스쿠알렌,성분,2025-05-26,False,0.3676332228657555
스쿠알렌,성분,2025-06-02,False,0.45516011551839725
스쿠알렌,성분,2025-06-09,False,0.4632885247556768
스쿠알렌,성분,2025-06-16,False,0.48797478551165424
스쿠알렌,성분,2025-06-23,False,0.4108626650724109
스쿠알렌,성분,2025-06-30,False,0.14508524320618035
스쿠알렌,성분,2025-07-07,False,0.23068114552398555
스쿠알렌,성분,2025-07-14,False,0.21599270435830772
스쿠알렌,성분,2025-07-21,False,0.3904786448784733
스쿠알렌,성분,2025-07-28,False,0.38616818904756317
스쿠알렌,성분,2025-08-04,False,0.3854211275027769
스쿠알렌,성분,2025-08-11,False,0.4092885631353885
스쿠알렌,성분,2025-08-18,False,0.42455424177416695
스쿠알렌,성분,2025-08-25,False,0.506483652120829
스쿠알렌,성분,2025-09-01,False,0.532059773977678
스쿠알렌,성분,2025-09-08,False,0.33069415485342
스쿠알렌,성분,2025-09-15,False,0.3160367735107092
스쿠알렌,성분,2025-09-22,False,0.21013781312234506
스쿠알렌,성분,2025-09-29,False,0.34788284580151996
스쿠알렌,성분,2025-10-06,False,0.39088831126950163
스쿠알렌,성분,2025-10-13,False,0.34450083671896486
스쿠알렌,성분,2025-10-20,False,0.34199596315490627
스쿠알렌,성분,2025-10-27,False,0.37614272205687127
스쿠알렌,성분,2025-11-03,False,0.32976734078337044
스쿠알렌,성분,2025-11-10,False,0.35902707247348054
스쿠알렌,성분,2025-11-17,False,0.46674331376249856
스쿠알렌,성분,2025-11-24,False,0.4094451348879072
스쿠알렌,성분,2025-12-01,False,0.4577281051920594
스쿠알렌,성분,2025-12-08,False,0.41164908583562615
스쿠알렌,성분,2025-12-15,False,0.47200195542700396
스쿠알렌,성분,2025-12-22,False,0.34126351664322235
스쿠알렌,성분,2025-12-29,False,0.45503712629081733
아미노산 성분,성분,2023-01-16,False,0.7464141853588879
아미노산 성분,성분,2023-02-13,False,0.7699051709835075
아미노산 성분,성분,2023-02-20,False,0.7789575149879284
아미노산 성분,성분,2023-05-15,False,0.7215873120177143
아미노산 성분,성분,2023-06-05,False,0.6235582009706633
아미노산 성분,성분,2023-08-21,False,0.32140918501650034
아미노산 성분,성분,2023-09-04,False,0.35425728259640266
아미노산 성분,성분,2023-09-18,False,0.3792322262887768
아미노산 성분,성분,2023-10-23,False,0.4202738382426181
아미노산 성분,성분,2024-01-08,False,0.4240047470855701
아미노산 성분,성분,2024-03-11,False,0.378252528222136
아미노산 성분,성분,2024-03-18,False,0.3682084388495924
아미노산 성분,성분,2024-04-29,False,0.3537609110205475
아미노산 성분,성분,2024-05-06,False,0.40582749648698213
아미노산 성분,성분,2024-05-27,False,0.387337591660196
아미노산 성분,성분,2024-08-05,False,0.3915583171488611
아미노산 성분,성분,2024-09-30,True,0.6072893787588834
아미노산 성분,성분,2024-11-11,False,0.7555156073696465
아미노산 성분,성분,2024-11-25,False,0.7006710638981453
아미노산 성분,성분,2025-02-03,False,0.754229904322037
아미노산 성분,성분,2025-03-24,False,0.678590509342221
아미노산 성분,성분,2025-05-12,True,0.7534785150230523
아미노산 성분,성분,2025-06-16,False,0.7272278314764401
아미노산 성분,성분,2025-07-21,False,0.7268830208712195
아미노산 성분,성분,2025-07-28,True,0.592913087930074
아미노산 성분,성분,2025-11-17,False,0.8112764519639253
시카케어,컨셉·클레임,2023-01-02,False,0.18801303305704317
시카케어,컨셉·클레임,2023-01-09,False,0.20120971412843686
시카케어,컨셉·클레임,2023-01-16,False,0.20119486369917597
시카케어,컨셉·클레임,2023-01-23,False,0.20304973841652782
시카케어,컨셉·클레임,2023-01-30,False,0.16522093355418654
시카케어,컨셉·클레임,2023-02-06,False,0.22691347423208
시카케어,컨셉·클레임,2023-02-13,False,0.14618763374431146
시카케어,컨셉·클레임,2023-02-20,False,0.18496129807821196
시카케어,컨셉·클레임,2023-02-27,False,0.16158342263024938
시카케어,컨셉·클레임,2023-03-06,False,0.18579024306206135
시카케어,컨셉·클레임,2023-03-13,False,0.17657480667608105
시카케어,컨셉·클레임,2023-03-20,False,0.19462405875166852
시카케어,컨셉·클레임,2023-03-27,False,0.18456955012508017
시카케어,컨셉·클레임,2023-04-03,False,0.16920549044757996
시카케어,컨셉·클레임,2023-04-10,False,0.16692211452915212
시카케어,컨셉·클레임,2023-04-17,False,0.06862271227602106
시카케어,컨셉·클레임,2023-04-24,False,0.10034649587503261
시카케어,컨셉·클레임,2023-05-01,False,0.07389761869115472
시카케어,컨셉·클레임,2023-05-08,False,0.10243018594060262
시카케어,컨셉·클레임,2023-05-15,False,0.08126671282236582
시카케어,컨셉·클레임,2023-05-22,False,0.12034072674740534
시카케어,컨셉·클레임,2023-05-29,False,0.10525981630763703
시카케어,컨셉·클레임,2023-06-05,False,0.08496724592192752
시카케어,컨셉·클레임,2023-06-12,False,0.09860018390601986
시카케어,컨셉·클레임,2023-06-19,False,0.10053019491821426
시카케어,컨셉·클레임,2023-06-26,False,0.13097584195572692
시카케어,컨셉·클레임,2023-07-03,False,0.11757569189018566
시카케어,컨셉·클레임,2023-07-10,False,0.12044939297173086
시카케어,컨셉·클레임,2023-07-17,False,0.13251334671221282
시카케어,컨셉·클레임,2023-07-24,False,0.10186368777467678
시카케어,컨셉·클레임,2023-07-31,False,0.06925181674335007
시카케어,컨셉·클레임,2023-08-07,False,0.09938136027480776
시카케어,컨셉·클레임,2023-08-14,False,0.0962742556515979
시카케어,컨셉·클레임,2023-08-21,False,0.09525214838195517
시카케어,컨셉·클레임,2023-08-28,False,0.09901686717759327
시카케어,컨셉·클레임,2023-09-04,False,0.06692958008882784
시카케어,컨셉·클레임,2023-09-11,False,0.11458694875876285
시카케어,컨셉·클레임,2023-09-18,False,0.08387050114445989
시카케어,컨셉·클레임,2023-09-25,False,0.07503198090934658
시카케어,컨셉·클레임,2023-10-02,False,0.26083154303166567
시카케어,컨셉·클레임,2023-10-09,False,0.2793922571271392
시카케어,컨셉·클레임,2023-10-16,False,0.2621894142611095
시카케어,컨셉·클레임,2023-10-23,False,0.3004449893740887
시카케어,컨셉·클레임,2023-10-30,False,0.2883460312361446
시카케어,컨셉·클레임,2023-11-06,False,0.3005864795416415
시카케어,컨셉·클레임,2023-11-13,False,0.293301127141277
시카케어,컨셉·클레임,2023-11-20,False,0.2897141683319825
시카케어,컨셉·클레임,2023-11-27,False,0.2767757078900418
시카케어,컨셉·클레임,2023-12-04,False,0.28466858156541563
시카케어,컨셉·클레임,2023-12-11,False,0.25956707166105814
시카케어,컨셉·클레임,2023-12-18,False,0.2039029550148596
시카케어,컨셉·클레임,2023-12-25,False,0.17430102991475618
시카케어,컨셉·클레임,2024-01-01,False,0.1868840548261829
시카케어,컨셉·클레임,2024-01-08,False,0.17473769217043042
시카케어,컨셉·클레임,2024-01-15,False,0.1788871591395358
시카케어,컨셉·클레임,2024-01-22,False,0.16907147810064846
시카케어,컨셉·클레임,2024-01-29,False,0.18731455178118087
시카케어,컨셉·클레임,2024-02-05,False,0.19108793207967975
시카케어,컨셉·클레임,2024-02-12,False,0.19435112695026735
시카케어,컨셉·클레임,2024-02-19,False,0.21322888285137798
시카케어,컨셉·클레임,2024-02-26,False,0.20648870995577168
시카케어,컨셉·클레임,2024-03-04,False,0.21679915018098275
시카케어,컨셉·클레임,2024-03-11,False,0.1980798403769797
시카케어,컨셉·클레임,2024-03-18,False,0.17548700620244945
시카케어,컨셉·클레임,2024-03-25,False,0.1827472044493082
시카케어,컨셉·클레임,2024-04-01,False,0.1925833263331201
시카케어,컨셉·클레임,2024-04-08,False,0.166871216886076
시카케어,컨셉·클레임,2024-04-15,False,0.19434568693713436
시카케어,컨셉·클레임,2024-04-22,False,0.17328929289321396
시카케어,컨셉·클레임,2024-04-29,False,0.22101256823398005
시카케어,컨셉·클레임,2024-05-06,False,0.18494052772012623
시카케어,컨셉·클레임,2024-05-13,False,0.21290935679583503
시카케어,컨셉·클레임,2024-05-20,False,0.21076712479481535
시카케어,컨셉·클레임,2024-05-27,False,0.1928258320993129
시카케어,컨셉·클레임,2024-06-03,False,0.19907362277422505
시카케어,컨셉·클레임,2024-06-10,False,0.24598577787810827
시카케어,컨셉·클레임,2024-06-17,False,0.2340490228618361
시카케어,컨셉·클레임,2024-06-24,False,0.20235000834024186
시카케어,컨셉·클레임,2024-07-01,False,0.18398169013952143
시카케어,컨셉·클레임,2024-07-08,False,0.1507257419562695
시카케어,컨셉·클레임,2024-07-15,False,0.13104902207575567
시카케어,컨셉·클레임,2024-07-22,False,0.15718186812610999
시카케어,컨셉·클레임,2024-07-29,False,0.13201301160000614
시카케어,컨셉·클레임,2024-08-05,False,0.1336793097226985
시카케어,컨셉·클레임,2024-08-12,False,0.12457706448030087
시카케어,컨셉·클레임,2024-08-19,False,0.12921760095827414
시카케어,컨셉·클레임,2024-08-26,False,0.09258569336361165
시카케어,컨셉·클레임,2024-09-02,False,0.11024970069200432
시카케어,컨셉·클레임,2024-09-09,False,0.11058491028024578
시카케어,컨셉·클레임,2024-09-16,False,0.06368402405527508
시카케어,컨셉·클레임,2024-09-23,False,0.11231178403899182
시카케어,컨셉·클레임,2024-09-30,False,0.18588050623587002
시카케어,컨셉·클레임,2024-10-07,False,0.19344293958988493
시카케어,컨셉·클레임,2024-10-14,False,0.18584896526099476
시카케어,컨셉·클레임,2024-10-21,False,0.2149805595123998
시카케어,컨셉·클레임,2024-10-28,False,0.21182365298390732
시카케어,컨셉·클레임,2024-11-04,False,0.2202690168303549
시카케어,컨셉·클레임,2024-11-11,False,0.23066950201181294
시카케어,컨셉·클레임,2024-11-18,False,0.22919038313002651
시카케어,컨셉·클레임,2024-11-25,False,0.2424246956243957
시카케어,컨셉·클레임,2024-12-02,False,0.22532804279202523
시카케어,컨셉·클레임,2024-12-09,False,0.1564036919432415
시카케어,컨셉·클레임,2024-12-16,False,0.07205998668333641
시카케어,컨셉·클레임,2024-12-23,False,0.09646958843497991
시카케어,컨셉·클레임,2024-12-30,False,0.09849328012132834
시카케어,컨셉·클레임,2025-01-06,False,0.0986286747968454
시카케어,컨셉·클레임,2025-01-13,False,0.0831581493927506
시카케어,컨셉·클레임,2025-01-20,False,0.09850132823264254
시카케어,컨셉·클레임,2025-01-27,False,0.10489914119575944
시카케어,컨셉·클레임,2025-02-03,False,0.11787198693924447
시카케어,컨셉·클레임,2025-02-10,False,0.23465279231316064
시카케어,컨셉·클레임,2025-02-17,False,0.24414493546189955
시카케어,컨셉·클레임,2025-02-24,False,0.24302578572618003
시카케어,컨셉·클레임,2025-03-03,False,0.22985104505151252
시카케어,컨셉·클레임,2025-03-10,False,0.23470035115685814
시카케어,컨셉·클레임,2025-03-17,False,0.24706887646373613
시카케어,컨셉·클레임,2025-03-24,False,0.2755162802402862
시카케어,컨셉·클레임,2025-03-31,False,0.2570311115581037
시카케어,컨셉·클레임,2025-04-07,False,0.23276823081110234
시카케어,컨셉·클레임,2025-04-14,False,0.2458918851874238
시카케어,컨셉·클레임,2025-04-21,False,0.22163750807078547
시카케어,컨셉·클레임,2025-04-28,False,0.0934283792665874
시카케어,컨셉·클레임,2025-05-05,False,0.17245290864584278
시카케어,컨셉·클레임,2025-05-12,False,0.21146661517461554
시카케어,컨셉·클레임,2025-05-19,False,0.22963910148538386
시카케어,컨셉·클레임,2025-05-26,False,0.2002888522564681
시카케어,컨셉·클레임,2025-06-02,False,0.1817862598989571
시카케어,컨셉·클레임,2025-06-09,False,0.2325216199071085
시카케어,컨셉·클레임,2025-06-16,False,0.2091679746036329
시카케어,컨셉·클레임,2025-06-23,False,0.23017117717313734
시카케어,컨셉·클레임,2025-06-30,False,0.2083287433422964
시카케어,컨셉·클레임,2025-07-07,False,0.2758712035091776
시카케어,컨셉·클레임,2025-07-14,False,0.25857530229034187
시카케어,컨셉·클레임,2025-07-21,False,0.20853150044816152
시카케어,컨셉·클레임,2025-07-28,False,0.20037661512641175
시카케어,컨셉·클레임,2025-08-04,False,0.1943861659623988
시카케어,컨셉·클레임,2025-08-11,False,0.22324645901845247
시카케어,컨셉·클레임,2025-08-18,False,0.2728337877241166
시카케어,컨셉·클레임,2025-08-25,False,0.2371658636568367
시카케어,컨셉·클레임,2025-09-01,False,0.24757986963881407
시카케어,컨셉·클레임,2025-09-08,False,0.23022149154236243
시카케어,컨셉·클레임,2025-09-15,False,0.2963897566177639
시카케어,컨셉·클레임,2025-09-22,False,0.29074796536038683
시카케어,컨셉·클레임,2025-09-29,False,0.26519342446172106
시카케어,컨셉·클레임,2025-10-06,False,0.2746701354772109
시카케어,컨셉·클레임,2025-10-13,False,0.3045329319797698
시카케어,컨셉·클레임,2025-10-20,False,0.33770640958873943
시카케어,컨셉·클레임,2025-10-27,False,0.3681359927979256
시카케어,컨셉·클레임,2025-11-03,False,0.3420896503378953
시카케어,컨셉·클레임,2025-11-10,False,0.3347745679402772
시카케어,컨셉·클레임,2025-11-17,False,0.36587420884397703
시카케어,컨셉·클레임,2025-11-24,False,0.3661710678397819
시카케어,컨셉·클레임,2025-12-01,False,0.3299415418666662
시카케어,컨셉·클레임,2025-12-08,False,0.3501538928666549
시카케어,컨셉·클레임,2025-12-15,False,0.33960964338532845
시카케어,컨셉·클레임,2025-12-22,False,0.35078718888362703
시카케어,컨셉·클레임,2025-12-29,False,0.25774258036931474
알러지테스트,컨셉·클레임,2023-01-02,False,0.34493670234324
알러지테스트,컨셉·클레임,2023-01-09,False,0.34714341362241125
알러지테스트,컨셉·클레임,2023-01-16,False,0.29994451350507356
알러지테스트,컨셉·클레임,2023-01-23,False,0.27939232165850203
알러지테스트,컨셉·클레임,2023-01-30,False,0.2655324342038365
알러지테스트,컨셉·클레임,2023-02-06,False,0.2802147664313456
알러지테스트,컨셉·클레임,2023-02-13,False,0.39258233128024067
알러지테스트,컨셉·클레임,2023-02-20,False,0.337083274438165
알러지테스트,컨셉·클레임,2023-02-27,False,0.27815807945313165
알러지테스트,컨셉·클레임,2023-03-06,False,0.32371249220335546
알러지테스트,컨셉·클레임,2023-03-13,False,0.2397948154798455
알러지테스트,컨셉·클레임,2023-03-20,False,0.29152264477833506
알러지테스트,컨셉·클레임,2023-03-27,False,0.3078587337288543
알러지테스트,컨셉·클레임,2023-04-03,False,0.2770297307154686
알러지테스트,컨셉·클레임,2023-04-10,False,0.2584134355238107
알러지테스트,컨셉·클레임,2023-04-17,False,0.2838991563228107
알러지테스트,컨셉·클레임,2023-04-24,False,0.2868393945212876
알러지테스트,컨셉·클레임,2023-05-01,False,0.2730062703047844
알러지테스트,컨셉·클레임,2023-05-08,False,0.2768515062052057
알러지테스트,컨셉·클레임,2023-05-15,False,0.3003838190451107
알러지테스트,컨셉·클레임,2023-05-22,False,0.1993168248144887
알러지테스트,컨셉·클레임,2023-05-29,False,0.24920959096525186
알러지테스트,컨셉·클레임,2023-06-05,False,0.21691218859147737
알러지테스트,컨셉·클레임,2023-06-12,False,0.23572174654720773
알러지테스트,컨셉·클레임,2023-06-19,False,0.22343476400002513
알러지테스트,컨셉·클레임,2023-06-26,False,0.22214783707652022
알러지테스트,컨셉·클레임,2023-07-03,False,0.2350788108885174
알러지테스트,컨셉·클레임,2023-07-10,False,0.24716363674780756
알러지테스트,컨셉·클레임,2023-07-17,False,0.3011813835605248
알러지테스트,컨셉·클레임,2023-07-24,False,0.23916063879949442
알러지테스트,컨셉·클레임,2023-07-31,False,0.278606186070889
알러지테스트,컨셉·클레임,2023-08-07,False,0.3074646468460145
알러지테스트,컨셉·클레임,2023-08-14,False,0.3938318542129187
알러지테스트,컨셉·클레임,2023-08-21,False,0.31555477005609955
알러지테스트,컨셉·클레임,2023-08-28,False,0.29833723969819387
알러지테스트,컨셉·클레임,2023-09-04,False,0.34977094459402835
알러지테스트,컨셉·클레임,2023-09-11,False,0.3048827124263401
알러지테스트,컨셉·클레임,2023-09-18,False,0.4992953587609721
알러지테스트,컨셉·클레임,2023-09-25,False,0.4686268414231957
알러지테스트,컨셉·클레임,2023-10-02,False,0.3874986946180884
알러지테스트,컨셉·클레임,2023-10-09,False,0.3879963905118371
알러지테스트,컨셉·클레임,2023-10-16,False,0.3046448441055776
알러지테스트,컨셉·클레임,2023-10-23,False,0.44877847652171654
알러지테스트,컨셉·클레임,2023-10-30,False,0.42390638759746263
알러지테스트,컨셉·클레임,2023-11-06,False,0.41130449697040544
알러지테스트,컨셉·클레임,2023-11-13,False,0.3828054479605067
알러지테스트,컨셉·클레임,2023-11-20,True,0.47737290463749654
알러지테스트,컨셉·클레임,2023-11-27,False,0.4820795336705618
알러지테스트,컨셉·클레임,2023-12-04,False,0.6375557265997351
알러지테스트,컨셉·클레임,2023-12-11,False,0.44502123227988544
알러지테스트,컨셉·클레임,2023-12-18,False,0.4876639079257743
알러지테스트,컨셉·클레임,2023-12-25,False,0.608984895956953
알러지테스트,컨셉·클레임,2024-01-01,True,0.5173770907007061
알러지테스트,컨셉·클레임,2024-01-08,False,0.5719467556672618
알러지테스트,컨셉·클레임,2024-01-15,False,0.5765776706866867
알러지테스트,컨셉·클레임,2024-01-22,False,0.48981617963948365
알러지테스트,컨셉·클레임,2024-01-29,False,0.5038396539886667
알러지테스트,컨셉·클레임,2024-02-05,False,0.48201830660095096
알러지테스트,컨셉·클레임,2024-02-12,False,0.5670954553368542
알러지테스트,컨셉·클레임,2024-02-19,False,0.34432850507840446
알러지테스트,컨셉·클레임,2024-02-26,False,0.32687831474386503
알러지테스트,컨셉·클레임,2024-03-04,False,0.36716482922860405
알러지테스트,컨셉·클레임,2024-03-11,False,0.29223420494019814
알러지테스트,컨셉·클레임,2024-03-18,False,0.25682926774569403
알러지테스트,컨셉·클레임,2024-03-25,False,0.1588535698832337
알러지테스트,컨셉·클레임,2024-04-01,False,0.12679549387243305
알러지테스트,컨셉·클레임,2024-04-08,False,0.18913238442224042
알러지테스트,컨셉·클레임,2024-04-15,False,0.23315025876266884
알러지테스트,컨셉·클레임,2024-04-22,False,0.2149120489756518
알러지테스트,컨셉·클레임,2024-04-29,False,0.2507520136988733
알러지테스트,컨셉·클레임,2024-05-06,False,0.2723577343965624
알러지테스트,컨셉·클레임,2024-05-13,False,0.31655490474130266
알러지테스트,컨셉·클레임,2024-05-20,False,0.2909957925568107
알러지테스트,컨셉·클레임,2024-05-27,False,0.2932360380344203
알러지테스트,컨셉·클레임,2024-06-03,False,0.28362301704540005
알러지테스트,컨셉·클레임,2024-06-10,False,0.27152952587573614
알러지테스트,컨셉·클레임,2024-06-17,False,0.28421533765985835
알러지테스트,컨셉·클레임,2024-06-24,False,0.34358243116323967
알러지테스트,컨셉·클레임,2024-07-01,False,0.26373955704812807
알러지테스트,컨셉·클레임,2024-07-08,False,0.23744277628359495
알러지테스트,컨셉·클레임,2024-07-15,False,0.2437300856677259
알러지테스트,컨셉·클레임,2024-07-22,False,0.31928277861926313
알러지테스트,컨셉·클레임,2024-07-29,False,0.22842267045813738
알러지테스트,컨셉·클레임,2024-08-05,False,0.23104377774289564
알러지테스트,컨셉·클레임,2024-08-12,False,0.22003231542357915
알러지테스트,컨셉·클레임,2024-08-19,False,0.2006572292074741
알러지테스트,컨셉·클레임,2024-08-26,False,0.2372337222931498
알러지테스트,컨셉·클레임,2024-09-02,False,0.26455065536784483
알러지테스트,컨셉·클레임,2024-09-09,False,0.17370709439342585
알러지테스트,컨셉·클레임,2024-09-16,False,0.1952875911461714
알러지테스트,컨셉·클레임,2024-09-23,False,0.18780801277206738
알러지테스트,컨셉·클레임,2024-09-30,False,0.19150311893591124
알러지테스트,컨셉·클레임,2024-10-07,False,0.18612739765225444
알러지테스트,컨셉·클레임,2024-10-14,False,0.20083794373224156
알러지테스트,컨셉·클레임,2024-10-21,False,0.22515239547582042
알러지테스트,컨셉·클레임,2024-10-28,False,0.23610687974712724
알러지테스트,컨셉·클레임,2024-11-04,False,0.21155080998579898
알러지테스트,컨셉·클레임,2024-11-11,False,0.1957206074121469
알러지테스트,컨셉·클레임,2024-11-18,False,0.2280539909642288
알러지테스트,컨셉·클레임,2024-11-25,False,0.21938021561247084
알러지테스트,컨셉·클레임,2024-12-02,False,0.23524824891421303
알러지테스트,컨셉·클레임,2024-12-09,False,0.31734205243194147
알러지테스트,컨셉·클레임,2024-12-16,False,0.26187318024278067
알러지테스트,컨셉·클레임,2024-12-23,False,0.22792573710686825
알러지테스트,컨셉·클레임,2024-12-30,False,0.22565166460200065
알러지테스트,컨셉·클레임,2025-01-06,False,0.19601463788213233
알러지테스트,컨셉·클레임,2025-01-13,False,0.21331882509499422
알러지테스트,컨셉·클레임,2025-01-20,False,0.21646635670332123
알러지테스트,컨셉·클레임,2025-01-27,False,0.2493669114785532
알러지테스트,컨셉·클레임,2025-02-03,False,0.2726832959359918
알러지테스트,컨셉·클레임,2025-02-10,False,0.26134032647281014
알러지테스트,컨셉·클레임,2025-02-17,False,0.27267184588217963
알러지테스트,컨셉·클레임,2025-02-24,False,0.3484287666236419
알러지테스트,컨셉·클레임,2025-03-03,False,0.317786034465489
알러지테스트,컨셉·클레임,2025-03-10,False,0.33139432676546443
알러지테스트,컨셉·클레임,2025-03-17,False,0.3406754385727253
알러지테스트,컨셉·클레임,2025-03-24,False,0.37468174646145064
알러지테스트,컨셉·클레임,2025-03-31,False,0.32191467570721255
알러지테스트,컨셉·클레임,2025-04-07,False,0.2913188174607221
알러지테스트,컨셉·클레임,2025-04-14,False,0.30395353005711406
알러지테스트,컨셉·클레임,2025-04-21,False,0.2537133245155855
알러지테스트,컨셉·클레임,2025-04-28,False,0.1993937784527327
알러지테스트,컨셉·클레임,2025-05-05,False,0.20950958189804167
알러지테스트,컨셉·클레임,2025-05-12,False,0.1530753180484913
알러지테스트,컨셉·클레임,2025-05-19,False,0.18569053849822179
알러지테스트,컨셉·클레임,2025-05-26,False,0.21217998170624655
알러지테스트,컨셉·클레임,2025-06-02,False,0.2019005425401253
알러지테스트,컨셉·클레임,2025-06-09,False,0.1850660790946469
알러지테스트,컨셉·클레임,2025-06-16,False,0.21216773525945923
알러지테스트,컨셉·클레임,2025-06-23,False,0.23219644093693814
알러지테스트,컨셉·클레임,2025-06-30,False,0.18104385561201808
알러지테스트,컨셉·클레임,2025-07-07,False,0.19207361809501902
알러지테스트,컨셉·클레임,2025-07-14,False,0.19619834146259643
알러지테스트,컨셉·클레임,2025-07-21,False,0.2243256622888608
알러지테스트,컨셉·클레임,2025-07-28,False,0.25050457987554625
알러지테스트,컨셉·클레임,2025-08-04,False,0.20930904818730228
알러지테스트,컨셉·클레임,2025-08-11,False,0.16601448745809405
알러지테스트,컨셉·클레임,2025-08-18,False,0.16140095741368765
알러지테스트,컨셉·클레임,2025-08-25,False,0.1788724038897575
알러지테스트,컨셉·클레임,2025-09-01,False,0.19883642395064213
알러지테스트,컨셉·클레임,2025-09-08,False,0.17944343061997556
알러지테스트,컨셉·클레임,2025-09-15,False,0.22010520817621387
알러지테스트,컨셉·클레임,2025-09-22,False,0.19837515867869476
알러지테스트,컨셉·클레임,2025-09-29,False,0.2094382190164279
알러지테스트,컨셉·클레임,2025-10-06,False,0.28626797222125444
알러지테스트,컨셉·클레임,2025-10-13,True,0.2577082585390107
알러지테스트,컨셉·클레임,2025-10-20,False,0.4658804157838939
알러지테스트,컨셉·클레임,2025-10-27,False,0.4824650798929951
알러지테스트,컨셉·클레임,2025-11-03,False,0.49615346139080324
알러지테스트,컨셉·클레임,2025-11-10,False,0.5270112033035992
알러지테스트,컨셉·클레임,2025-11-17,False,0.5112955668531013
알러지테스트,컨셉·클레임,2025-11-24,False,0.5248733934749836
알러지테스트,컨셉·클레임,2025-12-01,False,0.46569497880332494
알러지테스트,컨셉·클레임,2025-12-08,False,0.46383733603404914
알러지테스트,컨셉·클레임,2025-12-15,False,0.4471063553521955
알러지테스트,컨셉·클레임,2025-12-22,False,0.5070135026556021
알러지테스트,컨셉·클레임,2025-12-29,False,0.5066523812877575
올인원 스킨케어,컨셉·클레임,2023-02-13,False,0.6804254849957972
올인원 스킨케어,컨셉·클레임,2023-02-20,False,0.5244658282933313
올인원 스킨케어,컨셉·클레임,2023-03-20,False,0.7387896277493735
올인원 스킨케어,컨셉·클레임,2023-05-29,False,0.6919159262428503
올인원 스킨케어,컨셉·클레임,2023-08-07,False,0.6717749850855605
올인원 스킨케어,컨셉·클레임,2023-10-16,False,0.6719017736059327
올인원 스킨케어,컨셉·클레임,2024-01-22,False,0.709073864891033
올인원 스킨케어,컨셉·클레임,2024-02-26,False,0.6655006250975389
올인원 스킨케어,컨셉·클레임,2024-07-22,False,0.6956712827733735
올인원 스킨케어,컨셉·클레임,2024-07-29,False,0.7713444372600522
올인원 스킨케어,컨셉·클레임,2024-09-23,False,0.6188451665226398
올인원 스킨케어,컨셉·클레임,2024-11-25,False,0.622946234834423
올인원 스킨케어,컨셉·클레임,2025-04-07,False,0.6266838022365007
올인원 스킨케어,컨셉·클레임,2025-04-14,True,0.5701253534737686
올인원 스킨케어,컨셉·클레임,2025-05-26,False,0.6757041758511405
올인원 스킨케어,컨셉·클레임,2025-07-07,False,0.7846129985314878
올인원 스킨케어,컨셉·클레임,2025-07-14,False,0.6775112642480987
올인원 스킨케어,컨셉·클레임,2025-08-18,False,0.6661439418184659
올인원 스킨케어,컨셉·클레임,2025-10-27,False,0.6919111511929424
올인원 스킨케어,컨셉·클레임,2025-11-03,False,0.7171908282136654
올인원 스킨케어,컨셉·클레임,2025-11-24,False,0.680109369449961
올인원 스킨케어,컨셉·클레임,2025-12-01,False,0.6623462368786656
올인원 스킨케어,컨셉·클레임,2025-12-08,True,0.6932895630618723
올인원 스킨케어,컨셉·클레임,2025-12-15,False,0.6642244810919863
잡티,효능,2023-01-02,False,0.2315449249584392
잡티,효능,2023-01-09,False,0.2717156032663724
잡티,효능,2023-01-16,False,0.2753309895381772
잡티,효능,2023-01-23,False,0.272623691030154
잡티,효능,2023-01-30,False,0.2656214984587125
잡티,효능,2023-02-06,False,0.28229778313594056
잡티,효능,2023-02-13,False,0.24059539936842114
잡티,효능,2023-02-20,False,0.26444220485118153
잡티,효능,2023-02-27,False,0.3167922576511166
잡티,효능,2023-03-06,False,0.25226437763434023
잡티,효능,2023-03-13,False,0.23911090117220993
잡티,효능,2023-03-20,False,0.25277215147022386
잡티,효능,2023-03-27,False,0.25665634964523004
잡티,효능,2023-04-03,False,0.23490157711954976
잡티,효능,2023-04-10,False,0.19406456151022075
잡티,효능,2023-04-17,False,0.26336081045890575
잡티,효능,2023-04-24,False,0.21318756070177
잡티,효능,2023-05-01,False,0.2222968196882076
잡티,효능,2023-05-08,False,0.26675945649820165
잡티,효능,2023-05-15,False,0.19452939596341773
잡티,효능,2023-05-22,False,0.15188064952452618
잡티,효능,2023-05-29,False,0.15059731009184804
잡티,효능,2023-06-05,False,0.16502055823534123
잡티,효능,2023-06-12,False,0.15477001235586904
잡티,효능,2023-06-19,False,0.15939747459559567
잡티,효능,2023-06-26,False,0.16636583835101484
잡티,효능,2023-07-03,False,0.16343808782550145
잡티,효능,2023-07-10,False,0.18049828116528802
잡티,효능,2023-07-17,False,0.22329089608975744
잡티,효능,2023-07-24,False,0.2682381499619552
잡티,효능,2023-07-31,False,0.18953088920119582
잡티,효능,2023-08-07,False,0.20381667598856418
잡티,효능,2023-08-14,False,0.19290654270870775
잡티,효능,2023-08-21,False,0.1928802220545162
잡티,효능,2023-08-28,False,0.20716426231851834
잡티,효능,2023-09-04,False,0.19570512173018537
잡티,효능,2023-09-11,False,0.16166913887318615
잡티,효능,2023-09-18,False,0.2490082820184423
잡티,효능,2023-09-25,False,0.29725865401961277
잡티,효능,2023-10-02,True,0.32580537037048285
잡티,효능,2023-10-09,False,0.4442655798275041
잡티,효능,2023-10-16,False,0.44596587988933245
잡티,효능,2023-10-23,False,0.45139709669464345
잡티,효능,2023-10-30,False,0.4352916620340379
잡티,효능,2023-11-06,False,0.4593263880490974
잡티,효능,2023-11-13,False,0.4475403978322435
잡티,효능,2023-11-20,False,0.5042426765128968
잡티,효능,2023-11-27,False,0.5257567876996716
잡티,효능,2023-12-04,False,0.4079381659288661
잡티,효능,2023-12-11,False,0.4287905535535849
잡티,효능,2023-12-18,False,0.4119889868708291
잡티,효능,2023-12-25,False,0.25622599642908894
잡티,효능,2024-01-01,False,0.25432467263108705
잡티,효능,2024-01-08,False,0.22372537767211645
잡티,효능,2024-01-15,False,0.23039738976073587
잡티,효능,2024-01-22,False,0.23543700009868196
잡티,효능,2024-01-29,False,0.29715298097082565
잡티,효능,2024-02-05,False,0.22897266195319987
잡티,효능,2024-02-12,False,0.22842245168896136
잡티,효능,2024-02-19,False,0.2501690294272866
잡티,효능,2024-02-26,False,0.29190866559989925
잡티,효능,2024-03-04,False,0.3338212720769558
잡티,효능,2024-03-11,False,0.24745307925886798
잡티,효능,2024-03-18,False,0.30868732665340437
잡티,효능,2024-03-25,False,0.33508908362898077
잡티,효능,2024-04-01,False,0.3514270915198001
잡티,효능,2024-04-08,False,0.32495867500283393
잡티,효능,2024-04-15,False,0.33852936150045154
잡티,효능,2024-04-22,False,0.28468122288841957
잡티,효능,2024-04-29,False,0.33011860680675525
잡티,효능,2024-05-06,False,0.2768486957106916
잡티,효능,2024-05-13,False,0.2457572097257341
잡티,효능,2024-05-20,False,0.2080712210070458
잡티,효능,2024-05-27,False,0.2752889515065673
잡티,효능,2024-06-03,False,0.2090474969143561
잡티,효능,2024-06-10,False,0.20886508875311677
잡티,효능,2024-06-17,False,0.23179349985461553
잡티,효능,2024-06-24,False,0.23317310884256842
잡티,효능,2024-07-01,False,0.24407838195371107
잡티,효능,2024-07-08,False,0.30903170227577215
잡티,효능,2024-07-15,False,0.21820309622404133
잡티,효능,2024-07-22,False,0.2139659301871671
잡티,효능,2024-07-29,False,0.2791995612329843
잡티,효능,2024-08-05,False,0.3149022104227947
잡티,효능,2024-08-12,False,0.2388046530517292
잡티,효능,2024-08-19,False,0.20789976955125275
잡티,효능,2024-08-26,False,0.23035151496231365
잡티,효능,2024-09-02,False,0.20402449011719914
잡티,효능,2024-09-09,False,0.20341438611848764
잡티,효능,2024-09-16,False,0.24802913688953976
잡티,효능,2024-09-23,False,0.2470901360360234
잡티,효능,2024-09-30,False,0.24804148004217103
잡티,효능,2024-10-07,False,0.23238961563308755
잡티,효능,2024-10-14,False,0.20593225584855687
잡티,효능,2024-10-21,False,0.19992930898729347
잡티,효능,2024-10-28,False,0.2057393620737985
잡티,효능,2024-11-04,False,0.2268453030794672
잡티,효능,2024-11-11,False,0.19256861124566166
잡티,효능,2024-11-18,False,0.17536907693859388
잡티,효능,2024-11-25,False,0.21668465921779279
잡티,효능,2024-12-02,False,0.12230467988352789
잡티,효능,2024-12-09,False,0.24049146153593848
잡티,효능,2024-12-16,False,0.2072507602539123
잡티,효능,2024-12-23,False,0.22454311994635462
잡티,효능,2024-12-30,False,0.21623066421918768
잡티,효능,2025-01-06,False,0.2159989635075398
잡티,효능,2025-01-13,False,0.26104913067475616
잡티,효능,2025-01-20,False,0.30764536475578513
잡티,효능,2025-01-27,False,0.2536014768318494
잡티,효능,2025-02-03,False,0.269445056715646
잡티,효능,2025-02-10,False,0.2317321713546162
잡티,효능,2025-02-17,False,0.24406765045299364
잡티,효능,2025-02-24,False,0.24612096168542344
잡티,효능,2025-03-03,False,0.2961638928645926
잡티,효능,2025-03-10,False,0.23250073493944243
잡티,효능,2025-03-17,False,0.2672135125996568
잡티,효능,2025-03-24,False,0.27638721414287704
잡티,효능,2025-03-31,False,0.2768591905603926
잡티,효능,2025-04-07,False,0.24513897576023852
잡티,효능,2025-04-14,False,0.24782922789394618
잡티,효능,2025-04-21,False,0.2612598281207922
잡티,효능,2025-04-28,False,0.274561158972759
잡티,효능,2025-05-05,False,0.3367858547558895
잡티,효능,2025-05-12,False,0.254279666278737
잡티,효능,2025-05-19,False,0.24763456413002374
잡티,효능,2025-05-26,False,0.250848789568633
잡티,효능,2025-06-02,False,0.16855066477873057
잡티,효능,2025-06-09,False,0.14514833702147525
잡티,효능,2025-06-16,False,0.24588974734120322
잡티,효능,2025-06-23,False,0.20561482303110473
잡티,효능,2025-06-30,False,0.19976383116497498
잡티,효능,2025-07-07,False,0.21909444496366653
잡티,효능,2025-07-14,False,0.16527887282131284
잡티,효능,2025-07-21,False,0.19776720214450266
잡티,효능,2025-07-28,False,0.2173854983046355
잡티,효능,2025-08-04,False,0.19088944077215073
잡티,효능,2025-08-11,False,0.17769747909343717
잡티,효능,2025-08-18,False,0.17879508239245848
잡티,효능,2025-08-25,False,0.24008663850304574
잡티,효능,2025-09-01,False,0.22656926883359424
잡티,효능,2025-09-08,False,0.22818333204243652
잡티,효능,2025-09-15,False,0.2845203398903125
잡티,효능,2025-09-22,False,0.31275178951453675
잡티,효능,2025-09-29,False,0.23843414023929335
잡티,효능,2025-10-06,False,0.2905219447661735
잡티,효능,2025-10-13,False,0.2716721050455153
잡티,효능,2025-10-20,False,0.2714951363976574
잡티,효능,2025-10-27,False,0.2655452562223269
잡티,효능,2025-11-03,False,0.3160431751544798
잡티,효능,2025-11-10,False,0.24917357334682733
잡티,효능,2025-11-17,False,0.261170165139723
잡티,효능,2025-11-24,False,0.2670277915795704
잡티,효능,2025-12-01,False,0.1855841806580465
잡티,효능,2025-12-08,False,0.20342092113698276
잡티,효능,2025-12-15,False,0.21013070783778787
잡티,효능,2025-12-22,False,0.19679122867016088
잡티,효능,2025-12-29,False,0.2041825253047007
쿨링 효과,효능,2023-03-13,False,0.8483764838295492
쿨링 효과,효능,2023-04-10,False,0.8254993094575157
쿨링 효과,효능,2023-05-29,False,0.694812688745981
쿨링 효과,효능,2023-06-05,False,0.8501437871779538
쿨링 효과,효능,2023-06-12,False,0.4539605423817134
쿨링 효과,효능,2023-07-03,False,0.6656269772081813
쿨링 효과,효능,2023-07-10,True,0.2770184900790731
쿨링 효과,효능,2024-06-10,True,0.4379812436433234
쿨링 효과,효능,2024-07-01,False,0.4703929273371133
쿨링 효과,효능,2024-09-23,False,0.6277522913101851
쿨링 효과,효능,2025-03-10,False,0.6171051487732218
피부광채,효능,2023-01-02,False,0.8119619235103672
피부광채,효능,2023-01-09,False,0.7753279541745324
피부광채,효능,2023-01-16,True,0.8448307141374174
피부광채,효능,2023-01-30,True,0.644176357465907
피부광채,효능,2023-02-06,False,0.5901643330534743
피부광채,효능,2023-02-13,False,0.559279942895352
피부광채,효능,2023-02-20,False,0.6218941504739979
피부광채,효능,2023-02-27,False,0.5695863667547002
피부광채,효능,2023-03-06,False,0.6106246096608425
피부광채,효능,2023-03-13,False,0.6047337899215683
피부광채,효능,2023-03-20,False,0.7963635919158515
피부광채,효능,2023-03-27,False,0.5835486029606628
피부광채,효능,2023-04-03,True,0.8128703224839664
피부광채,효능,2023-04-10,False,0.6093134945516929
피부광채,효능,2023-04-17,False,0.6126841314110295
피부광채,효능,2023-04-24,False,0.6531852050333702
피부광채,효능,2023-05-01,False,0.611679011789369
피부광채,효능,2023-05-08,False,0.8787045248795563
피부광채,효능,2023-05-15,False,0.8294968373239001
피부광채,효능,2023-05-22,True,0.8063039732017017
피부광채,효능,2023-05-29,True,0.6330280499209188
피부광채,효능,2023-06-05,False,0.5936833628657818
피부광채,효능,2023-06-12,False,0.6602617670858132
피부광채,효능,2023-06-19,True,0.7635195367699966
피부광채,효능,2023-07-03,False,0.600534757965744
피부광채,효능,2023-07-10,False,0.5976084467542614
피부광채,효능,2023-07-24,False,0.7995104583746564
피부광채,효능,2023-08-07,True,0.7929711977939005
피부광채,효능,2023-08-21,False,0.5966637600585388
피부광채,효능,2023-08-28,False,0.5487047244908829
피부광채,효능,2023-09-04,False,0.6096749523812693
피부광채,효능,2023-09-18,False,0.7257971256946688
피부광채,효능,2023-10-02,False,0.8643628083435794
피부광채,효능,2023-10-09,False,0.6251146520224758
피부광채,효능,2023-10-16,False,0.7985118171347577
피부광채,효능,2023-10-23,False,0.9040435302026015
피부광채,효능,2023-10-30,False,0.8979350415091331
피부광채,효능,2023-11-06,True,0.8961447653893311
피부광채,효능,2023-11-13,False,0.6144859886987818
피부광채,효능,2023-11-20,True,0.836299091433696
피부광채,효능,2023-11-27,False,0.5897339125668037
피부광채,효능,2023-12-04,False,0.6588217966811051
피부광채,효능,2023-12-11,False,0.6057045256923766
피부광채,효능,2023-12-25,False,0.5777833002323182
피부광채,효능,2024-01-01,True,0.9066895999516145
피부광채,효능,2024-01-08,True,0.7249449688288123
피부광채,효능,2024-01-15,False,0.6384232175194701
피부광채,효능,2024-01-22,True,0.5937050864868962
피부광채,효능,2024-01-29,False,0.626666612339784
피부광채,효능,2024-02-05,False,0.6613877224451222
피부광채,효능,2024-02-12,True,0.6088844242370234
피부광채,효능,2024-02-19,False,0.5939329625994998
피부광채,효능,2024-02-26,False,0.5628319122430517
피부광채,효능,2024-03-04,False,0.576933599269661
피부광채,효능,2024-03-11,False,0.65590139729697
피부광채,효능,2024-03-18,False,0.6002354699764467
피부광채,효능,2024-03-25,False,0.6126419000838748
피부광채,효능,2024-04-01,False,0.6031895462032686
피부광채,효능,2024-04-08,False,0.5996533823794626
피부광채,효능,2024-04-15,True,0.5516177047378534
피부광채,효능,2024-04-22,False,0.5864643203491468
피부광채,효능,2024-04-29,False,0.5365409491443629
피부광채,효능,2024-05-06,False,0.5232705292247553
피부광채,효능,2024-05-13,True,0.45760902735505465
피부광채,효능,2024-05-20,False,0.519747575482614
피부광채,효능,2024-05-27,True,0.507940909178184
피부광채,효능,2024-06-03,False,0.5018296093559416
피부광채,효능,2024-06-10,False,0.5926778568537858
피부광채,효능,2024-06-17,True,0.5634644210974409
피부광채,효능,2024-06-24,False,0.6148277570383427
피부광채,효능,2024-07-01,False,0.5930292017279999
피부광채,효능,2024-07-08,False,0.576722630941039
피부광채,효능,2024-07-15,True,0.543359504291166
피부광채,효능,2024-07-22,False,0.6155280694406866
피부광채,효능,2024-07-29,False,0.5912903808421387
피부광채,효능,2024-08-12,True,0.6051768142348949
피부광채,효능,2024-08-26,False,0.5946528442670465
피부광채,효능,2024-09-02,True,0.6574968129375542
피부광채,효능,2024-09-09,False,0.6308126827800751
피부광채,효능,2024-09-23,False,0.6549937932846186
피부광채,효능,2024-09-30,True,0.7829199662620396
피부광채,효능,2024-10-07,False,0.5973552914783402
피부광채,효능,2024-10-14,False,0.7763911080022879
피부광채,효능,2024-10-21,True,0.8685665792606886
피부광채,효능,2024-10-28,False,0.6453023122371268
피부광채,효능,2024-11-04,True,0.9158830615291348
피부광채,효능,2024-11-11,True,0.5964732605150115
피부광채,효능,2024-11-18,False,0.6375672886092535
피부광채,효능,2024-11-25,True,0.6483928305689638
피부광채,효능,2024-12-02,False,0.7004476320175481
피부광채,효능,2024-12-09,False,0.6576299993769131
피부광채,효능,2024-12-16,True,0.6541143563612368
피부광채,효능,2024-12-23,False,0.6616881780622221
피부광채,효능,2024-12-30,False,0.6729719639805649
피부광채,효능,2025-01-06,False,0.7474030047390522
피부광채,효능,2025-01-13,True,0.7791154829230991
피부광채,효능,2025-01-20,False,0.6194407993726295
피부광채,효능,2025-01-27,False,0.61165877161335
피부광채,효능,2025-02-03,True,0.8966041411466427
피부광채,효능,2025-02-10,True,0.6380889318813069
피부광채,효능,2025-02-17,True,0.5873268934412601
피부광채,효능,2025-02-24,False,0.6267837770876118
피부광채,효능,2025-03-03,False,0.6025447419149037
피부광채,효능,2025-03-10,False,0.6357882593888154
피부광채,효능,2025-03-17,True,0.6478504015095188
피부광채,효능,2025-03-24,False,0.5707610669250357
피부광채,효능,2025-03-31,False,0.5801008609429851
피부광채,효능,2025-04-07,False,0.5875820446152918
피부광채,효능,2025-04-14,False,0.6335629752931321
피부광채,효능,2025-04-21,False,0.5545824729594914
피부광채,효능,2025-04-28,False,0.5888849642294097
피부광채,효능,2025-05-05,True,0.7673604269407708
피부광채,효능,2025-05-12,True,0.6042422987759303
피부광채,효능,2025-05-19,False,0.5771782854558635
피부광채,효능,2025-05-26,False,0.5958340573277511
피부광채,효능,2025-06-02,True,0.7976682294547432
피부광채,효능,2025-06-09,False,0.6421826734062094
피부광채,효능,2025-06-16,True,0.6786065453745896
피부광채,효능,2025-06-23,False,0.6490534530994622
피부광채,효능,2025-06-30,False,0.5583313554059983
피부광채,효능,2025-07-07,False,0.6317644465438768
피부광채,효능,2025-07-14,False,0.7366917060738258
피부광채,효능,2025-07-21,True,0.8513846273782795
피부광채,효능,2025-08-11,False,0.6194493442710864
피부광채,효능,2025-08-18,False,0.8463062791478979
피부광채,효능,2025-10-20,False,0.7916767307031063
피부광채,효능,2025-11-10,False,0.8691710936871617
피부광채,효능,2025-11-24,True,0.8209892250594005
피부광채,효능,2025-12-01,False,0.7451033887237635
피부광채,효능,2025-12-15,False,0.7264753694108377
피부광채,효능,2025-12-22,False,0.8418132902342893
