keyword,category,ratio,growth_rate,is_breakout,pred_proba
아하 성분,성분,0.01634,-60.00978952520804,False,0.8793223528815168
클린뷰티,컨셉·클레임,0.04948,-73.68644969155498,False,0.6908734377246312
감초추출물,성분,0.10612,73.91019337921993,True,0.6842410270960778
크루얼티프리,컨셉·클레임,0.19941,-29.412389380530968,False,0.6308668507150929
스킨에센스,제형,0.2329,96.67285931430504,True,0.6291256296200078
영양공급,효능,0.17411,0.0,False,0.6109412012174662
병풀추출물,성분,4.49963,-10.58626452347503,False,0.6019812881462101
피지조절,효능,0.73145,-24.999487316202853,False,0.6009944962620473
알란토인,성분,0.3449,-35.96242039399172,False,0.588090238250288
비타민E,성분,5.80958,-16.262410202599064,False,0.5771723054592002
엑소좀,성분,14.05622,-20.93132619648843,False,0.5748829658265813
어성초,성분,15.30202,-2.0461960853096928,False,0.5581705700898524
콜라겐,성분,15.6828,-24.349548807295097,False,0.5533716724770569
베타글루칸,성분,8.84561,8.88311720283852,False,0.5530677160520437
주름개선,효능,0.95672,-19.75306570934895,False,0.537035234205769
아데노신,성분,6.9486,56.35808039099648,True,0.5308694950967261
스쿠알란,성분,2.66371,-10.468344559620313,False,0.5290870398529663
보습,효능,12.43669,-25.084738820107923,False,0.5164236703407231
피부진정,효능,4.22059,-21.05262173405561,False,0.514545279405784
비건,컨셉·클레임,6.14113,-7.249657913893969,False,0.5130853724916594
브라이트닝,효능,4.38871,0.7999761132598815,False,0.5123489028419571
히알루론산,성분,18.11457,23.616624459271065,False,0.5053024221711588
세라마이드,성분,1.48328,-22.82100246114461,False,0.5016234307408839
시어버터,성분,4.57739,61.150169867450586,True,0.50090275140061
스킨토너,제형,0.5531,-24.88830343441476,False,0.5006681867823886
수분젤,제형,0.15283,-15.58685446009389,False,0.4949322182445399
쿠션파운데이션,제형,0.23513,-36.70964442410703,False,0.48585559948169577
시트팩,제형,0.35673,10.10185185185184,False,0.4804320915363328
선스틱,제형,2.45009,-14.799630000556396,False,0.48029274928575416
페이스오일,제형,2.05858,-22.632170386767736,False,0.4632671345966123
피부트러블,효능,22.28474,-3.178485169864332,False,0.4629571569296518
각질,효능,2.41389,-17.171699841816135,False,0.46013778199799266
피부재생,효능,2.9258,-34.88382444582925,False,0.45872885574497096
톤업,효능,6.13393,-20.43797229954265,False,0.4541847763485245
레티놀,성분,8.58781,-3.163821167088954,False,0.4503278660938837
토너패드,제형,3.94084,-21.203529489391737,False,0.44843865165266616
안면홍조,효능,10.97178,-17.105275087263315,False,0.4479729950714559
앰플,제형,6.89641,-21.377163111026487,False,0.44360902956408566
항산화,효능,16.74405,-33.90607459149307,False,0.4414521767020195
모공,효능,13.14395,17.96569432552697,False,0.43398929236917494
세럼,제형,8.71624,-0.0452971781578104,False,0.42858414706271764
피부탄력,효능,3.56196,-11.029516451731336,False,0.42488451719102016
미백,효능,38.21046,22.784806872524488,False,0.4196124899384162
피부장벽,효능,6.5293,-20.494811517189817,False,0.41717681855237176
로션,제형,6.20164,-20.816548540026226,False,0.41540138005958005
마스크팩,제형,15.11909,-19.05839763456415,False,0.415069231141703
판테놀,성분,5.46264,-9.240832520606167,False,0.4058352444685527
수분크림,제형,23.42096,-6.419585074575574,False,0.4017356713945554
트레할로스,성분,1.27616,-24.726311815779543,False,0.39823220759610106
더마코스메틱,컨셉·클레임,1.828,-31.250023505872704,False,0.3882068940320093
살리실산,성분,4.73453,-5.414956908090563,False,0.38476807496185067
리프팅,효능,30.76243,-4.956809124414264,False,0.3844198460110927
펩타이드,성분,4.52255,-38.73676539115922,False,0.3827750919315474
립밤,제형,59.16216,92.24715920999571,True,0.3764711957434128
나이아신아마이드,성분,24.95926,-1.7761105807108657,False,0.33787098440105334
논코메도제닉,컨셉·클레임,3.91358,-9.597046920333376,False,0.32519059471576506
PDRN,성분,10.77735,10.971818789327203,False,0.18750059871321584
