category,feature,breakout_mean,non_breakout_mean,n_breakout,n_non_breakout
성분,signal_pretrend_mean,7.373799581684005,16.98838207012546,529,9371
성분,volatility_pretrend_mean,127.56723520495768,53.04921187843561,529,9371
성분,seasonal_deviation_pct_lag1_pretrend_mean,92.2129874791445,105.27753354609423,529,9371
제형,signal_pretrend_mean,21.969532832894036,3.690106990937266,339,6244
제형,volatility_pretrend_mean,93.32158391559383,26.036340027642485,339,6244
제형,seasonal_deviation_pct_lag1_pretrend_mean,-5.224078540685998,17.596978151235984,339,6244
컨셉·클레임,signal_pretrend_mean,25.420441973468446,10.477457792303392,326,3974
컨셉·클레임,volatility_pretrend_mean,93.09971296330893,47.8404260645976,326,3974
컨셉·클레임,seasonal_deviation_pct_lag1_pretrend_mean,-4.011967847199248,28.594984567239273,326,3974
효능,signal_pretrend_mean,14.810851952796556,2.76000236153337,454,8345
효능,volatility_pretrend_mean,63.60363653220785,20.04014351447685,454,8345
효능,seasonal_deviation_pct_lag1_pretrend_mean,-18.158672111569786,-22.935098110612223,454,8345
