rank,name,goodsNo,url
43,[NEW/단독선런칭] 얼터너티브스테레오 립 포션 카라멜 글레이즈 8ml,A000000234394,https://www.oliveyoung.co.kr/store/goods/getGoodsDetail.do?goodsNo=A000000234394&dispCatNo=90000010009&trackingCd=Best_Sellingbest&t_page=%EB%9E%AD%ED%82%B9&t_click=%ED%8C%90%EB%A7%A4%EB%9E%AD%ED%82%B9_%EC%A0%84%EC%B2%B4_%EC%83%81%ED%92%88%EC%83%81%EC%84%B8&t_number=43
45,[저자극비타민C세럼] 이니스프리 비타민C 캡슐 세럼 30ml 더블 기획,A000000230206,https://www.oliveyoung.co.kr/store/goods/getGoodsDetail.do?goodsNo=A000000230206&dispCatNo=90000010009&trackingCd=Best_Sellingbest&t_page=%EB%9E%AD%ED%82%B9&t_click=%ED%8C%90%EB%A7%A4%EB%9E%AD%ED%82%B9_%EC%A0%84%EC%B2%B4_%EC%83%81%ED%92%88%EC%83%81%EC%84%B8&t_number=45
47,[9월올영픽/NEW컬러] 홀리카홀리카 마이페이브 무드 아이 팔레트,A000000150361,https://www.oliveyoung.co.kr/store/goods/getGoodsDetail.do?goodsNo=A000000150361&dispCatNo=90000010009&trackingCd=Best_Sellingbest&t_page=%EB%9E%AD%ED%82%B9&t_click=%ED%8C%90%EB%A7%A4%EB%9E%AD%ED%82%B9_%EC%A0%84%EC%B2%B4_%EC%83%81%ED%92%88%EC%83%81%EC%84%B8&t_number=47
48,[9월 올영픽][누렁이 콜라보] 제로이드 포밍 클렌저 240ml 본품 + 240ml 리필 기획 (+랜덤 띠부씰 1종),A000000263072,https://www.oliveyoung.co.kr/store/goods/getGoodsDetail.do?goodsNo=A000000263072&dispCatNo=90000010009&trackingCd=Best_Sellingbest&t_page=%EB%9E%AD%ED%82%B9&t_click=%ED%8C%90%EB%A7%A4%EB%9E%AD%ED%82%B9_%EC%A0%84%EC%B2%B4_%EC%83%81%ED%92%88%EC%83%81%EC%84%B8&t_number=48
49,[NEW][리뉴얼/철벽커버] 에이프릴스킨 히어로쿠션 2.0 (본품+리필+퍼프2개),A000000259872,https://www.oliveyoung.co.kr/store/goods/getGoodsDetail.do?goodsNo=A000000259872&dispCatNo=90000010009&trackingCd=Best_Sellingbest&t_page=%EB%9E%AD%ED%82%B9&t_click=%ED%8C%90%EB%A7%A4%EB%9E%AD%ED%82%B9_%EC%A0%84%EC%B2%B4_%EC%83%81%ED%92%88%EC%83%81%EC%84%B8&t_number=49
51,[9월올영픽/산리오콜라보] 메이크프렘 세이프 미 클렌징밀크 200ml기획 (+리필 200ml+미니21ml+손목세안밴드),A000000262530,https://www.oliveyoung.co.kr/store/goods/getGoodsDetail.do?goodsNo=A000000262530&dispCatNo=90000010009&trackingCd=Best_Sellingbest&t_page=%EB%9E%AD%ED%82%B9&t_click=%ED%8C%90%EB%A7%A4%EB%9E%AD%ED%82%B9_%EC%A0%84%EC%B2%B4_%EC%83%81%ED%92%88%EC%83%81%EC%84%B8&t_number=51
52,[9월 올영픽/산리오 콜라보/1등 속눈썹] 코링코 톡톡하라 노글루 속눈썹 15종 택1,A000000213569,https://www.oliveyoung.co.kr/store/goods/getGoodsDetail.do?goodsNo=A000000213569&dispCatNo=90000010009&trackingCd=Best_Sellingbest&t_page=%EB%9E%AD%ED%82%B9&t_click=%ED%8C%90%EB%A7%A4%EB%9E%AD%ED%82%B9_%EC%A0%84%EC%B2%B4_%EC%83%81%ED%92%88%EC%83%81%EC%84%B8&t_number=52
53,셀리맥스 더 비타 A 레티날 샷 타이트닝 듀얼 크림 50ml,A000000261065,https://www.oliveyoung.co.kr/store/goods/getGoodsDetail.do?goodsNo=A000000261065&dispCatNo=90000010009&trackingCd=Best_Sellingbest&t_page=%EB%9E%AD%ED%82%B9&t_click=%ED%8C%90%EB%A7%A4%EB%9E%AD%ED%82%B9_%EC%A0%84%EC%B2%B4_%EC%83%81%ED%92%88%EC%83%81%EC%84%B8&t_number=53
85,[대용량] 제로이드 수딩 크림 80ml + 50ml 기획,A000000231589,https://www.oliveyoung.co.kr/store/goods/getGoodsDetail.do?goodsNo=A000000231589&dispCatNo=90000010009&trackingCd=Best_Sellingbest&t_page=%EB%9E%AD%ED%82%B9&t_click=%ED%8C%90%EB%A7%A4%EB%9E%AD%ED%82%B9_%EC%A0%84%EC%B2%B4_%EC%83%81%ED%92%88%EC%83%81%EC%84%B8&t_number=85
