quarter,category,auc,n_train,n_test
2023-01-01,성분,0.588030303030303,24194,289
2023-01-01,제형,0.6453488372093024,24194,190
2023-01-01,컨셉·클레임,0.865909090909091,24194,142
2023-01-01,효능,0.859437751004016,24194,264
2023-04-01,성분,0.7322064056939501,25079,293
2023-04-01,제형,0.8091397849462365,25079,190
2023-04-01,컨셉·클레임,0.8859126984126984,25079,134
2023-04-01,효능,0.9236802788844622,25079,267
2023-07-01,성분,0.8500000000000001,25963,292
2023-07-01,제형,0.936141304347826,25963,188
2023-07-01,컨셉·클레임,0.784045584045584,25963,132
2023-07-01,효능,0.857206604194556,25963,258
2023-10-01,성분,0.7611721611721611,26833,288
2023-10-01,제형,0.6641893751720341,26833,194
2023-10-01,컨셉·클레임,0.802677942212826,26833,140
2023-10-01,효능,0.7273224043715848,26833,259
2024-01-01,성분,0.750909090909091,27714,291
2024-01-01,제형,0.7258652094717669,27714,195
2024-01-01,컨셉·클레임,0.8176420695504665,27714,140
2024-01-01,효능,0.91875,27714,259
2024-04-01,성분,0.7693661971830986,28599,292
2024-04-01,제형,0.8237837837837838,28599,190
2024-04-01,컨셉·클레임,0.9244094488188976,28599,132
2024-04-01,효능,0.891566265060241,28599,265
2024-07-01,성분,0.7077609277430865,29478,314
2024-07-01,제형,0.8410256410256409,29478,202
2024-07-01,컨셉·클레임,0.793233082706767,29478,145
2024-07-01,효능,0.8217382536801774,29478,280
2024-10-01,성분,0.7401220687439769,30419,294
2024-10-01,제형,0.8264652014652015,30419,194
2024-10-01,컨셉·클레임,0.826844262295082,30419,130
2024-10-01,효능,0.9521349862258953,30419,254
2025-01-01,성분,0.8093790012804097,31291,295
2025-01-01,제형,0.7477718360071302,31291,193
2025-01-01,컨셉·클레임,0.8861185983827493,31291,120
2025-01-01,효능,0.9148459383753502,31291,253
2025-04-01,성분,0.6392339544513458,32152,290
2025-04-01,제형,0.8764044943820224,32152,188
2025-04-01,컨셉·클레임,0.8184523809523809,32152,121
2025-04-01,효능,0.9351851851851851,32152,249
2025-07-01,성분,0.7387495021903624,33000,288
2025-07-01,제형,0.7760657421674371,33000,188
2025-07-01,컨셉·클레임,0.7844827586206896,33000,121
2025-07-01,효능,0.8448275862068966,33000,236
2025-10-01,성분,0.7075812274368231,33833,287
2025-10-01,제형,0.8123931623931624,33833,193
2025-10-01,컨셉·클레임,0.7358674463937621,33833,123
2025-10-01,효능,0.6385321100917432,33833,228
