성분,제형,컨셉·클레임,효능
0.6806625217748445,0.779418834463971,0.8183940462201331,0.6725254394079556
0.6867340970163083,0.7602745169968207,0.7989765609866339,0.7599001983238436
0.7175774983180665,0.6704001322751323,0.7795711060948082,0.7886062370699563
0.7140988096206513,0.6610279164355704,0.8337623202963149,0.8278554522606933
0.7081477264195801,0.7503862825618052,0.8093400916898044,0.7672773231223564
0.7025855365474338,0.7893703564375059,0.8511286434363357,0.8079898362507059
0.6826645248104144,0.7736712505641794,0.7951619408078426,0.8578081232492998
0.7334538291569541,0.768960710266064,0.8257904846335697,0.8526927762322951
0.6723245637728917,0.688289550272165,0.829399471387301,0.8236585901471343
0.7178081418998161,0.7509775086505192,0.7938963673243593,0.8467649848921368
0.7079559990696863,0.7646378291817191,0.8091907841044637,0.8486715882549216
0.7299663526006858,0.7570573216340621,0.8262436349392872,0.8123348332261981
0.6996269741706614,0.7536994980919197,0.8255625411102443,0.8427924406451284
0.7197302890011223,0.7907315227199954,0.8282943059827986,0.765754676080763
0.7044088723776223,0.7426930174415144,0.8281782999097487,0.7666036995747141
0.7304205560699717,0.671637737020462,0.8264531006262291,0.7851849036524647
0.6637292609351433,0.6820641812112413,0.8046313159615205,0.84003645252965
0.6563726900189393,0.762989106269453,0.8080367412665549,0.7815390902357419
0.6968668154040158,0.7863699696746169,0.8227002464223543,0.8686750800216447
0.7257382170564629,0.6684138707090566,0.7874759570639697,0.8249813952321625
