keyword,direction,kr_month,lag_months,us_month
PDRN,US_leads_KR,2016-01,,
PDRN,US_leads_KR,2016-02,,
PDRN,US_leads_KR,2024-01,,
PDRN,US_leads_KR,2025-01,1.0,
PDRN,US_leads_KR,2025-11,4.0,
PDRN,KR_leads_US,,4.0,2024-05
PDRN,KR_leads_US,,10.0,2024-11
PDRN,KR_leads_US,,11.0,2024-12
PDRN,KR_leads_US,,2.0,2025-03
PDRN,KR_leads_US,,6.0,2025-07
PDRN,KR_leads_US,,10.0,2025-11
PDRN,KR_leads_US,,4.0,2026-03
PDRN,KR_leads_US,,5.0,2026-04
감초추출물,US_leads_KR,2016-01,,
감초추출물,US_leads_KR,2017-06,,
감초추출물,US_leads_KR,2018-03,,
감초추출물,US_leads_KR,2018-08,,
감초추출물,US_leads_KR,2020-03,,
감초추출물,US_leads_KR,2020-07,,
감초추출물,US_leads_KR,2020-08,,
감초추출물,US_leads_KR,2020-12,,
감초추출물,US_leads_KR,2022-08,1.0,
감초추출물,US_leads_KR,2023-11,16.0,
감초추출물,US_leads_KR,2023-12,17.0,
감초추출물,KR_leads_US,,19.0,2022-07
감초추출물,KR_leads_US,,3.0,2024-03
나이아신아마이드,US_leads_KR,2016-01,,
나이아신아마이드,US_leads_KR,2016-11,,
나이아신아마이드,US_leads_KR,2023-01,12.0,
나이아신아마이드,US_leads_KR,2023-03,14.0,
나이아신아마이드,US_leads_KR,2026-06,2.0,
나이아신아마이드,KR_leads_US,,2.0,2017-01
나이아신아마이드,KR_leads_US,,13.0,2017-12
나이아신아마이드,KR_leads_US,,,2020-04
나이아신아마이드,KR_leads_US,,,2022-01
나이아신아마이드,KR_leads_US,,,2025-11
나이아신아마이드,KR_leads_US,,,2026-04
레티놀,US_leads_KR,2016-01,,
레티놀,US_leads_KR,2017-06,,
레티놀,US_leads_KR,2019-12,,
레티놀,US_leads_KR,2020-01,,
레티놀,US_leads_KR,2020-04,,
레티놀,US_leads_KR,2020-07,,
레티놀,US_leads_KR,2022-01,,
레티놀,KR_leads_US,,,2026-04
베타글루칸,US_leads_KR,2016-01,,
베타글루칸,US_leads_KR,2016-04,,
베타글루칸,US_leads_KR,2020-02,15.0,
베타글루칸,US_leads_KR,2020-03,16.0,
베타글루칸,US_leads_KR,2020-08,4.0,
베타글루칸,US_leads_KR,2021-03,3.0,
베타글루칸,US_leads_KR,2021-05,5.0,
베타글루칸,US_leads_KR,2021-08,3.0,
베타글루칸,US_leads_KR,2021-12,1.0,
베타글루칸,US_leads_KR,2022-04,3.0,
베타글루칸,US_leads_KR,2022-08,1.0,
베타글루칸,US_leads_KR,2022-11,4.0,
베타글루칸,KR_leads_US,,,2018-11
베타글루칸,KR_leads_US,,1.0,2020-04
베타글루칸,KR_leads_US,,4.0,2020-12
베타글루칸,KR_leads_US,,2.0,2021-05
베타글루칸,KR_leads_US,,3.0,2021-11
베타글루칸,KR_leads_US,,1.0,2022-01
베타글루칸,KR_leads_US,,3.0,2022-07
베타글루칸,KR_leads_US,,6.0,2023-05
베타글루칸,KR_leads_US,,11.0,2023-10
베타글루칸,KR_leads_US,,23.0,2024-10
베타글루칸,KR_leads_US,,,2025-01
베타글루칸,KR_leads_US,,,2025-04
베타글루칸,KR_leads_US,,,2025-07
베타글루칸,KR_leads_US,,,2025-11
베타글루칸,KR_leads_US,,,2025-12
병풀추출물,US_leads_KR,2016-01,,
병풀추출물,US_leads_KR,2018-06,5.0,
병풀추출물,US_leads_KR,2019-07,18.0,
병풀추출물,US_leads_KR,2020-07,,
병풀추출물,US_leads_KR,2020-09,,
병풀추출물,US_leads_KR,2021-01,,
병풀추출물,KR_leads_US,,3.0,2016-04
병풀추출물,KR_leads_US,,13.0,2017-02
병풀추출물,KR_leads_US,,24.0,2018-01
병풀추출물,KR_leads_US,,12.0,2022-01
병풀추출물,KR_leads_US,,,2025-07
병풀추출물,KR_leads_US,,,2026-04
비타민E,US_leads_KR,2016-01,,
비타민E,US_leads_KR,2017-03,10.0,
비타민E,US_leads_KR,2019-09,4.0,
비타민E,KR_leads_US,,4.0,2016-05
비타민E,KR_leads_US,,1.0,2017-04
비타민E,KR_leads_US,,4.0,2017-07
비타민E,KR_leads_US,,13.0,2018-04
비타민E,KR_leads_US,,,2019-05
비타민E,KR_leads_US,,7.0,2020-04
비타민E,KR_leads_US,,15.0,2020-12
비타민E,KR_leads_US,,19.0,2021-04
비타민E,KR_leads_US,,22.0,2021-07
비타민E,KR_leads_US,,,2022-12
비타민E,KR_leads_US,,,2024-01
비타민E,KR_leads_US,,,2025-07
비타민E,KR_leads_US,,,2025-11
비타민E,KR_leads_US,,,2026-04
살리실산,US_leads_KR,2016-01,,
살리실산,US_leads_KR,2026-07,3.0,
살리실산,KR_leads_US,,,2026-04
세라마이드,US_leads_KR,2016-01,,
세라마이드,US_leads_KR,2020-12,8.0,
세라마이드,US_leads_KR,2021-08,16.0,
세라마이드,US_leads_KR,2022-04,3.0,
세라마이드,KR_leads_US,,13.0,2017-02
세라마이드,KR_leads_US,,21.0,2017-10
세라마이드,KR_leads_US,,,2018-07
세라마이드,KR_leads_US,,,2018-10
세라마이드,KR_leads_US,,,2020-04
세라마이드,KR_leads_US,,5.0,2022-01
세라마이드,KR_leads_US,,,2025-07
세라마이드,KR_leads_US,,,2025-11
세라마이드,KR_leads_US,,,2026-03
세라마이드,KR_leads_US,,,2026-04
스쿠알란,US_leads_KR,2016-01,,
스쿠알란,US_leads_KR,2022-02,1.0,
스쿠알란,US_leads_KR,2023-03,14.0,
스쿠알란,US_leads_KR,2023-08,19.0,
스쿠알란,KR_leads_US,,12.0,2017-01
스쿠알란,KR_leads_US,,,2020-04
스쿠알란,KR_leads_US,,,2022-01
스쿠알란,KR_leads_US,,,2025-11
스쿠알란,KR_leads_US,,,2026-04
시어버터,US_leads_KR,2016-01,,
시어버터,US_leads_KR,2016-10,,
시어버터,US_leads_KR,2017-01,,
시어버터,US_leads_KR,2017-09,,
시어버터,US_leads_KR,2017-11,,
시어버터,US_leads_KR,2017-12,,
시어버터,US_leads_KR,2019-10,,
시어버터,US_leads_KR,2020-04,,
시어버터,US_leads_KR,2020-08,,
시어버터,US_leads_KR,2021-02,,
시어버터,US_leads_KR,2021-04,,
시어버터,US_leads_KR,2021-10,,
시어버터,US_leads_KR,2025-08,,
시어버터,US_leads_KR,2026-01,,
시어버터,US_leads_KR,2026-09,5.0,
시어버터,KR_leads_US,,3.0,2026-04
아데노신,US_leads_KR,2016-01,,
아데노신,US_leads_KR,2017-06,,
아데노신,US_leads_KR,2021-07,,
아데노신,US_leads_KR,2021-10,,
아데노신,US_leads_KR,2023-04,9.0,
아데노신,US_leads_KR,2023-08,13.0,
아데노신,US_leads_KR,2026-05,2.0,
아데노신,KR_leads_US,,9.0,2022-07
아데노신,KR_leads_US,,1.0,2023-09
아데노신,KR_leads_US,,10.0,2024-06
아데노신,KR_leads_US,,23.0,2025-07
아데노신,KR_leads_US,,,2025-10
아데노신,KR_leads_US,,,2025-11
아데노신,KR_leads_US,,,2026-03
아데노신,KR_leads_US,,2.0,2026-07
아데노신,KR_leads_US,,4.0,2026-09
아하 성분,US_leads_KR,2016-01,,
아하 성분,US_leads_KR,2018-01,12.0,
아하 성분,US_leads_KR,2020-01,24.0,
아하 성분,US_leads_KR,2020-03,,
아하 성분,US_leads_KR,2025-01,,
아하 성분,KR_leads_US,,1.0,2016-02
아하 성분,KR_leads_US,,3.0,2016-04
아하 성분,KR_leads_US,,8.0,2016-09
아하 성분,KR_leads_US,,12.0,2017-01
아하 성분,KR_leads_US,,24.0,2018-01
아하 성분,KR_leads_US,,1.0,2020-04
아하 성분,KR_leads_US,,,2022-08
아하 성분,KR_leads_US,,10.0,2025-11
알란토인,US_leads_KR,2016-01,,
알란토인,US_leads_KR,2022-09,,
어성초,US_leads_KR,2016-01,,
어성초,US_leads_KR,2017-08,2.0,
어성초,US_leads_KR,2018-03,2.0,
어성초,KR_leads_US,,1.0,2016-02
어성초,KR_leads_US,,3.0,2016-04
어성초,KR_leads_US,,13.0,2017-02
어성초,KR_leads_US,,15.0,2017-04
어성초,KR_leads_US,,17.0,2017-06
어성초,KR_leads_US,,5.0,2018-01
어성초,KR_leads_US,,7.0,2018-03
어성초,KR_leads_US,,1.0,2018-04
어성초,KR_leads_US,,9.0,2018-12
어성초,KR_leads_US,,11.0,2019-02
어성초,KR_leads_US,,14.0,2019-05
어성초,KR_leads_US,,24.0,2020-03
어성초,KR_leads_US,,,2021-01
어성초,KR_leads_US,,,2021-04
어성초,KR_leads_US,,,2022-03
어성초,KR_leads_US,,,2023-04
어성초,KR_leads_US,,,2023-05
어성초,KR_leads_US,,,2025-11
어성초,KR_leads_US,,,2026-03
엑소좀,US_leads_KR,2016-02,,
엑소좀,US_leads_KR,2016-10,,
엑소좀,US_leads_KR,2017-03,,
엑소좀,US_leads_KR,2017-09,,
엑소좀,US_leads_KR,2017-10,,
엑소좀,US_leads_KR,2018-03,,
엑소좀,US_leads_KR,2019-02,,
엑소좀,US_leads_KR,2022-08,,
엑소좀,US_leads_KR,2023-01,,
엑소좀,KR_leads_US,,15.0,2024-04
엑소좀,KR_leads_US,,17.0,2024-06
엑소좀,KR_leads_US,,20.0,2024-09
엑소좀,KR_leads_US,,22.0,2024-11
엑소좀,KR_leads_US,,24.0,2025-01
엑소좀,KR_leads_US,,,2025-07
엑소좀,KR_leads_US,,,2025-11
엑소좀,KR_leads_US,,,2026-02
장미추출물,US_leads_KR,2016-02,,
장미추출물,US_leads_KR,2016-05,,
장미추출물,US_leads_KR,2016-08,,
장미추출물,US_leads_KR,2017-01,,
장미추출물,US_leads_KR,2017-04,,
장미추출물,US_leads_KR,2017-06,,
장미추출물,US_leads_KR,2017-10,,
장미추출물,US_leads_KR,2018-02,,
장미추출물,US_leads_KR,2018-12,5.0,
장미추출물,US_leads_KR,2019-02,7.0,
장미추출물,US_leads_KR,2019-08,13.0,
장미추출물,US_leads_KR,2020-02,19.0,
장미추출물,US_leads_KR,2020-08,,
장미추출물,US_leads_KR,2021-02,,
장미추출물,US_leads_KR,2021-08,,
장미추출물,US_leads_KR,2022-01,,
장미추출물,US_leads_KR,2024-01,,
장미추출물,US_leads_KR,2024-07,,
장미추출물,US_leads_KR,2024-11,,
장미추출물,US_leads_KR,2024-12,,
장미추출물,KR_leads_US,,5.0,2018-07
장미추출물,KR_leads_US,,16.0,2026-04
콜라겐,US_leads_KR,2016-01,,
콜라겐,US_leads_KR,2016-02,,
콜라겐,US_leads_KR,2017-06,5.0,
콜라겐,US_leads_KR,2018-01,2.0,
콜라겐,US_leads_KR,2019-01,6.0,
콜라겐,US_leads_KR,2019-03,2.0,
콜라겐,KR_leads_US,,1.0,2016-03
콜라겐,KR_leads_US,,7.0,2016-09
콜라겐,KR_leads_US,,10.0,2016-12
콜라겐,KR_leads_US,,11.0,2017-01
콜라겐,KR_leads_US,,16.0,2017-06
콜라겐,KR_leads_US,,5.0,2017-11
콜라겐,KR_leads_US,,7.0,2018-01
콜라겐,KR_leads_US,,6.0,2018-07
콜라겐,KR_leads_US,,12.0,2019-01
콜라겐,KR_leads_US,,2.0,2019-03
콜라겐,KR_leads_US,,14.0,2020-05
콜라겐,KR_leads_US,,,2022-10
콜라겐,KR_leads_US,,,2025-07
콜라겐,KR_leads_US,,,2025-11
콜라겐,KR_leads_US,,,2026-03
콜라겐,KR_leads_US,,,2026-04
트레할로스,US_leads_KR,2016-01,,
트레할로스,US_leads_KR,2018-01,3.0,
트레할로스,US_leads_KR,2019-06,10.0,
트레할로스,US_leads_KR,2020-01,17.0,
트레할로스,US_leads_KR,2024-04,,
트레할로스,US_leads_KR,2024-11,,
트레할로스,KR_leads_US,,1.0,2016-02
트레할로스,KR_leads_US,,21.0,2017-10
트레할로스,KR_leads_US,,24.0,2018-01
트레할로스,KR_leads_US,,3.0,2018-04
트레할로스,KR_leads_US,,7.0,2018-08
트레할로스,KR_leads_US,,23.0,2021-12
트레할로스,KR_leads_US,,,2022-02
트레할로스,KR_leads_US,,3.0,2025-02
트레할로스,KR_leads_US,,8.0,2025-07
트레할로스,KR_leads_US,,15.0,2026-02
판테놀,US_leads_KR,2016-01,,
판테놀,KR_leads_US,,,2025-07
판테놀,KR_leads_US,,,2025-11
펩타이드,US_leads_KR,2016-01,,
펩타이드,US_leads_KR,2016-03,1.0,
펩타이드,US_leads_KR,2019-09,2.0,
펩타이드,US_leads_KR,2026-09,5.0,
펩타이드,KR_leads_US,,1.0,2016-02
펩타이드,KR_leads_US,,7.0,2016-10
펩타이드,KR_leads_US,,10.0,2017-01
펩타이드,KR_leads_US,,12.0,2017-03
펩타이드,KR_leads_US,,19.0,2017-10
펩타이드,KR_leads_US,,22.0,2018-01
펩타이드,KR_leads_US,,,2018-04
펩타이드,KR_leads_US,,,2018-06
펩타이드,KR_leads_US,,,2018-07
펩타이드,KR_leads_US,,,2018-09
펩타이드,KR_leads_US,,,2019-01
펩타이드,KR_leads_US,,,2019-02
펩타이드,KR_leads_US,,,2019-07
펩타이드,KR_leads_US,,,2019-09
펩타이드,KR_leads_US,,4.0,2020-01
펩타이드,KR_leads_US,,6.0,2020-03
펩타이드,KR_leads_US,,8.0,2020-05
펩타이드,KR_leads_US,,11.0,2020-08
펩타이드,KR_leads_US,,14.0,2020-11
펩타이드,KR_leads_US,,24.0,2021-09
펩타이드,KR_leads_US,,,2022-01
펩타이드,KR_leads_US,,,2022-06
펩타이드,KR_leads_US,,,2025-07
펩타이드,KR_leads_US,,,2025-11
펩타이드,KR_leads_US,,,2025-12
펩타이드,KR_leads_US,,,2026-03
펩타이드,KR_leads_US,,,2026-04
히알루론산,US_leads_KR,2016-01,,
히알루론산,US_leads_KR,2016-02,,
히알루론산,US_leads_KR,2016-03,,
히알루론산,US_leads_KR,2016-11,,
히알루론산,US_leads_KR,2017-09,,
히알루론산,US_leads_KR,2019-06,5.0,
히알루론산,US_leads_KR,2019-10,9.0,
히알루론산,KR_leads_US,,16.0,2019-01
히알루론산,KR_leads_US,,,2026-04
