train_end,category,auc,n_train,n_test
2022-06-30,성분,0.651342028392927,1575,13462
2022-06-30,제형,0.7140815307181004,1575,13462
2022-06-30,컨셉·클레임,0.7516492516492517,1575,13462
2022-06-30,효능,0.7937846410872927,1575,13462
2022-12-31,성분,0.6673488101628199,3200,11837
2022-12-31,제형,0.746696927940342,3200,11837
2022-12-31,컨셉·클레임,0.7378669635207517,3200,11837
2022-12-31,효능,0.8074237083843162,3200,11837
2023-06-30,성분,0.695712770607095,4825,10212
2023-06-30,제형,0.7783756457666791,4825,10212
2023-06-30,컨셉·클레임,0.7255953793812803,4825,10212
2023-06-30,효능,0.8078120978120978,4825,10212
2023-12-31,성분,0.6823022901279144,6438,8599
2023-12-31,제형,0.7883472666174902,6438,8599
2023-12-31,컨셉·클레임,0.7340554853463321,6438,8599
2023-12-31,효능,0.8131432246998284,6438,8599
