category,tp,fp,fn,precision_at_k,recall_at_k,k,auc,model
성분,16,141,135,0.10191082802547771,0.10596026490066225,1,0.579739974043235,xgb_growth_only
제형,29,128,94,0.18471337579617833,0.23577235772357724,1,0.6128635621828262,xgb_growth_only
컨셉·클레임,29,128,69,0.18471337579617833,0.29591836734693877,1,0.6717180742699882,xgb_growth_only
효능,31,126,99,0.19745222929936307,0.23846153846153847,1,0.7112605139846911,xgb_growth_only
성분,46,425,105,0.09766454352441614,0.304635761589404,3,0.579739974043235,xgb_growth_only
제형,51,420,72,0.10828025477707007,0.4146341463414634,3,0.6128635621828262,xgb_growth_only
컨셉·클레임,61,410,37,0.12951167728237792,0.6224489795918368,3,0.6717180742699882,xgb_growth_only
효능,64,407,66,0.13588110403397027,0.49230769230769234,3,0.7112605139846911,xgb_growth_only
성분,61,724,90,0.07770700636942675,0.40397350993377484,5,0.579739974043235,xgb_growth_only
제형,64,721,59,0.08152866242038216,0.5203252032520326,5,0.6128635621828262,xgb_growth_only
컨셉·클레임,78,707,20,0.09936305732484077,0.7959183673469388,5,0.6717180742699882,xgb_growth_only
효능,81,704,49,0.10318471337579618,0.6230769230769231,5,0.7112605139846911,xgb_growth_only
성분,27,130,124,0.17197452229299362,0.17880794701986755,1,0.7048782469392474,xgb_full
제형,42,115,81,0.267515923566879,0.34146341463414637,1,0.756397502105177,xgb_full
컨셉·클레임,42,115,56,0.267515923566879,0.42857142857142855,1,0.8111172665213197,xgb_full
효능,45,112,85,0.28662420382165604,0.34615384615384615,1,0.8205826712069617,xgb_full
성분,60,411,91,0.12738853503184713,0.3973509933774834,3,0.7048782469392474,xgb_full
제형,65,406,58,0.13800424628450106,0.5284552845528455,3,0.756397502105177,xgb_full
컨셉·클레임,73,398,25,0.15498938428874734,0.7448979591836735,3,0.8111172665213197,xgb_full
효능,85,386,45,0.18046709129511676,0.6538461538461539,3,0.8205826712069617,xgb_full
성분,80,705,71,0.10191082802547771,0.5298013245033113,5,0.7048782469392474,xgb_full
제형,77,708,46,0.0980891719745223,0.6260162601626016,5,0.756397502105177,xgb_full
컨셉·클레임,85,700,13,0.10828025477707007,0.8673469387755102,5,0.8111172665213197,xgb_full
효능,98,687,32,0.12484076433121019,0.7538461538461538,5,0.8205826712069617,xgb_full
