max_depth,learning_rate,n_estimators,val_mean_auc
2,0.05,100,0.7884618754848879
2,0.05,200,0.7879318757941663
2,0.02,400,0.7873040641337834
2,0.1,100,0.7870644860656715
2,0.02,200,0.7868634810021282
2,0.02,100,0.7849927602708948
3,0.02,100,0.78454537450675
3,0.02,200,0.7845348331563672
3,0.05,100,0.7831643382337542
4,0.02,100,0.7821150422598202
4,0.02,200,0.7818576438100335
2,0.1,200,0.7812331941206394
3,0.02,400,0.7803806236832018
4,0.05,100,0.7799489007553178
3,0.05,200,0.7795608988053254
2,0.05,400,0.7791391941638892
3,0.1,100,0.7790151033200492
4,0.02,400,0.7767132313693628
4,0.05,200,0.7754602822931911
4,0.1,100,0.7727150458702639
3,0.1,200,0.7721006658502928
2,0.1,400,0.7713876774658981
3,0.05,400,0.7700636744177283
4,0.1,200,0.7657877974741625
4,0.05,400,0.7649013731918666
3,0.1,400,0.7597083752513607
4,0.1,400,0.7572139996291535
